Time,Lat,Lon,Speed (m/s),Heart Rate (bpm),Hacc,Hdop,Quality of Signal,No. of Satellites,Instantaneous Acceleration Impulse,Accl X,Accl Y,Accl Z,Gyro Yro X,Gyro Y,Gyro Z
08:39:19.1,46.2198695,6.082511,1.38333444,140,0,0.4,337,19,0.305555800000001,0.162504,-0.178608,0.016104,24.22,-77.77,41.93
08:39:19.1,46.2198695,6.082511,1.38333444,140,0,0.4,337,19,0.305555800000001,0.084912,-0.10248,-0.004392,23.03,-71.4,30.24
08:39:19.1,46.2198695,6.082511,1.38333444,140,0,0.4,337,19,0.305555800000001,-0.041724,-0.077592,-0.041724,22.96,-60.34,18.34
08:39:19.1,46.2198695,6.082511,1.38333444,140,0,0.4,337,19,0.305555800000001,-0.15006,-0.087108,-0.050508,21.91,-47.32,12.67
08:39:19.1,46.2198695,6.082511,1.38333444,140,0,0.4,337,19,0.305555800000001,-0.20496,-0.115656,-0.016104,22.33,-39.69,14.84
08:39:19.1,46.2198695,6.082511,1.38333444,140,0,0.4,337,19,0.305555800000001,-0.207156,-0.149328,0.020496,24.43,-47.46,20.79
08:39:19.1,46.2198695,6.082511,1.38333444,140,0,0.4,337,19,0.305555800000001,-0.169824,-0.184464,0.016104,24.57,-64.33,27.09
08:39:19.1,46.2198695,6.082511,1.38333444,140,0,0.4,337,19,0.305555800000001,-0.099552,-0.200568,-0.01098,21.28,-74.48,32.41
08:39:19.1,46.2198695,6.082511,1.38333444,140,0,0.4,337,19,0.305555800000001,-0.024888,-0.17568,-0.026352,16.94,-77.07,35.28
08:39:19.1,46.2198695,6.082511,1.38333444,140,0,0.4,337,19,0.305555800000001,0.03294,-0.13176,-0.03294,12.39,-78.82,35.91
08:39:19.2,46.2198675,6.08251083333333,2.1944462,140,0,0.4,337,19,0,0.074664,-0.092232,-0.030744,8.54,-78.05,36.19
08:39:19.2,46.2198675,6.08251083333333,2.1944462,140,0,0.4,337,19,0,0.099552,-0.061488,-0.016836,5.81,-75.88,35.98
08:39:19.2,46.2198675,6.08251083333333,2.1944462,140,0,0.4,337,19,0,0.109068,-0.037332,-0.005856,3.36,-77.07,35.49
08:39:19.2,46.2198675,6.08251083333333,2.1944462,140,0,0.4,337,19,0,0.098088,-0.01464,-0.012444,0.56,-81.55,35.42
08:39:19.2,46.2198675,6.08251083333333,2.1944462,140,0,0.4,337,19,0,0.059292,0.008784,-0.0366,-2.52,-85.26,34.02
08:39:19.2,46.2198675,6.08251083333333,2.1944462,140,0,0.4,337,19,0,0.00732,0.022692,-0.068808,-5.39,-85.4,30.59
08:39:19.2,46.2198675,6.08251083333333,2.1944462,140,0,0.4,337,19,0,-0.046116,0.019764,-0.098088,-8.33,-82.81,26.53
08:39:19.2,46.2198675,6.08251083333333,2.1944462,140,0,0.4,337,19,0,-0.095892,0.001464,-0.114192,-12.39,-80.15,23.03
08:39:19.2,46.2198675,6.08251083333333,2.1944462,140,0,0.4,337,19,0,-0.13542,-0.032208,-0.105408,-16.87,-76.65,21.63
08:39:19.2,46.2198675,6.08251083333333,2.1944462,140,0,0.4,337,19,0,-0.16104,-0.06954,-0.072468,-21.42,-74.97,22.96
08:39:19.3,46.2198656666667,6.08251033333333,2.17777952,140,0,0.4,337,19,0.166666799999997,-0.165432,-0.088572,-0.020496,-23.03,-71.68,26.11
08:39:19.3,46.2198656666667,6.08251033333333,2.17777952,140,0,0.4,337,19,0.166666799999997,-0.140544,-0.079788,0.019032,-18.13,-64.26,31.08
08:39:19.3,46.2198656666667,6.08251033333333,2.17777952,140,0,0.4,337,19,0.166666799999997,-0.097356,-0.057096,0.016836,-12.18,-56.28,36.47
08:39:19.3,46.2198656666667,6.08251033333333,2.17777952,140,0,0.4,337,19,0.166666799999997,-0.064416,-0.061488,0,-9.38,-51.45,39.76
08:39:19.3,46.2198656666667,6.08251033333333,2.17777952,140,0,0.4,337,19,0.166666799999997,-0.054168,-0.0915,-0.01098,-8.96,-47.67,41.37
08:39:19.3,46.2198656666667,6.08251033333333,2.17777952,140,0,0.4,337,19,0.166666799999997,-0.065148,-0.095892,-0.010248,-9.1,-42.42,42.91
08:39:19.3,46.2198656666667,6.08251033333333,2.17777952,140,0,0.4,337,19,0.166666799999997,-0.079056,-0.06222,0.0366,-7.63,-38.22,44.59
08:39:19.3,46.2198656666667,6.08251033333333,2.17777952,140,0,0.4,337,19,0.166666799999997,-0.071736,-0.013176,0.154452,-2.31,-40.25,46.62
08:39:19.3,46.2198656666667,6.08251033333333,2.17777952,140,0,0.4,337,19,0.166666799999997,0.016836,0.1464,0.794952,12.39,-56.42,48.3
08:39:19.3,46.2198656666667,6.08251033333333,2.17777952,140,0,0.4,337,19,0.166666799999997,-0.074664,0.72834,1.595028,75.18,-96.53,45.5
08:39:19.4,46.219864,6.08251,1.85833482,140,0,0.4,0,0,3.194447,-0.99552,1.9215,1.41276,112.35,84.98,35.77
08:39:19.4,46.219864,6.08251,1.85833482,140,0,0.4,0,0,3.194447,-1.717272,3.232512,1.638216,135.8,403.83,-6.02
08:39:19.4,46.219864,6.08251,1.85833482,140,0,0.4,0,0,3.194447,-2.094984,3.987936,2.805756,176.4,111.16,-71.75
08:39:19.4,46.219864,6.08251,1.85833482,140,0,0.4,0,0,3.194447,-2.125728,3.08904,2.468304,176.4,-65.17,-69.51
08:39:19.4,46.219864,6.08251,1.85833482,140,0,0.4,0,0,3.194447,-0.892308,1.144848,1.307352,187.04,-0.14,-98.56
08:39:19.4,46.219864,6.08251,1.85833482,140,0,0.4,0,0,3.194447,0.411384,-0.131028,1.444968,87.15,-91.14,-112.77
08:39:19.4,46.219864,6.08251,1.85833482,140,0,0.4,0,0,3.194447,0.821304,-0.494832,1.911984,60.69,-111.65,-85.26
08:39:19.4,46.219864,6.08251,1.85833482,140,0,0.4,0,0,3.194447,0.652944,-0.204228,1.439844,130.13,-97.72,-51.87
08:39:19.4,46.219864,6.08251,1.85833482,140,0,0.4,0,0,3.194447,0.357216,0.272304,1.05774,85.12,-38.85,-29.12
08:39:19.4,46.219864,6.08251,1.85833482,140,0,0.4,0,0,3.194447,-0.024156,0.686616,1.35786,58.59,13.3,-8.82
08:39:19.5,46.2198625,6.0825095,1.60833462,140,0,0.4,337,19,2.500002,-0.5124,0.908412,1.540128,90.79,17.36,-2.59
08:39:19.5,46.2198625,6.0825095,1.60833462,140,0,0.4,337,19,2.500002,-0.891576,0.892308,1.520364,110.46,-5.04,-12.74
08:39:19.5,46.2198625,6.0825095,1.60833462,140,0,0.4,337,19,2.500002,-0.977952,0.663192,1.401048,114.73,-23.45,-28.84
08:39:19.5,46.2198625,6.0825095,1.60833462,140,0,0.4,337,19,2.500002,-0.77592,0.344772,1.294176,104.93,-26.39,-45.15
08:39:19.5,46.2198625,6.0825095,1.60833462,140,0,0.4,337,19,2.500002,-0.475068,0.136152,1.298568,88.27,-37.1,-50.82
08:39:19.5,46.2198625,6.0825095,1.60833462,140,0,0.4,337,19,2.500002,-0.28548,0.093696,1.286856,68.81,-42.28,-49.84
08:39:19.5,46.2198625,6.0825095,1.60833462,140,0,0.4,337,19,2.500002,-0.228384,0.122976,1.303692,53.9,-38.85,-41.72
08:39:19.5,46.2198625,6.0825095,1.60833462,140,0,0.4,337,19,2.500002,-0.251076,0.144936,1.33956,46.41,-32.69,-30.38
08:39:19.5,46.2198625,6.0825095,1.60833462,140,0,0.4,337,19,2.500002,-0.310368,0.163968,1.320528,44.73,-24.85,-19.32
08:39:19.5,46.2198625,6.0825095,1.60833462,140,0,0.4,337,19,2.500002,-0.418704,0.24156,1.308816,44.73,-20.58,-14.21
08:39:19.6,46.219861,6.08250883333333,1.4166678,140,0,0.4,337,19,1.9166682,-0.527772,0.342576,1.307352,45.01,-20.16,-15.82
08:39:19.6,46.219861,6.08250883333333,1.4166678,140,0,0.4,337,19,1.9166682,-0.565104,0.371124,1.261968,47.32,-22.26,-21.21
08:39:19.6,46.219861,6.08250883333333,1.4166678,140,0,0.4,337,19,1.9166682,-0.542412,0.338184,1.227564,46.06,-21.35,-26.46
08:39:19.6,46.219861,6.08250883333333,1.4166678,140,0,0.4,337,19,1.9166682,-0.53436,0.308172,1.281,42.77,-22.12,-27.44
08:39:19.6,46.219861,6.08250883333333,1.4166678,140,0,0.4,337,19,1.9166682,-0.546804,0.301584,1.343952,41.3,-24.57,-23.59
08:39:19.6,46.219861,6.08250883333333,1.4166678,140,0,0.4,337,19,1.9166682,-0.554124,0.298656,1.332972,41.93,-25.34,-18.76
08:39:19.6,46.219861,6.08250883333333,1.4166678,140,0,0.4,337,19,1.9166682,-0.546072,0.284016,1.323456,42.28,-23.52,-15.68
08:39:19.6,46.219861,6.08250883333333,1.4166678,140,0,0.4,337,19,1.9166682,-0.51972,0.247416,1.33956,41.16,-22.33,-15.26
08:39:19.6,46.219861,6.08250883333333,1.4166678,140,0,0.4,337,19,1.9166682,-0.493368,0.211548,1.31028,38.29,-22.19,-16.59
08:39:19.6,46.219861,6.08250883333333,1.4166678,140,0,0.4,337,19,1.9166682,-0.4758,0.215208,1.268556,36.26,-21.63,-18.13
08:39:19.7,46.2198598333333,6.0825095,1.33888996,140,0,0.4,337,19,0.7777784,-0.469944,0.245952,1.22244,32.76,-22.82,-18.9
08:39:19.7,46.2198598333333,6.0825095,1.33888996,140,0,0.4,337,19,0.7777784,-0.478728,0.251808,1.17486,28.98,-22.4,-18.41
08:39:19.7,46.2198598333333,6.0825095,1.33888996,140,0,0.4,337,19,0.7777784,-0.500688,0.245952,1.172664,24.64,-18.9,-16.03
08:39:19.7,46.2198598333333,6.0825095,1.33888996,140,0,0.4,337,19,0.7777784,-0.539484,0.250344,1.20048,21.84,-15.82,-12.46
08:39:19.7,46.2198598333333,6.0825095,1.33888996,140,0,0.4,337,19,0.7777784,-0.586332,0.235704,1.207068,20.37,-12.67,-9.31
08:39:19.7,46.2198598333333,6.0825095,1.33888996,140,0,0.4,337,19,0.7777784,-0.620736,0.207888,1.191696,20.44,-9.24,-7.84
08:39:19.7,46.2198598333333,6.0825095,1.33888996,140,0,0.4,337,19,0.7777784,-0.623664,0.191052,1.177056,20.02,-6.86,-8.54
08:39:19.7,46.2198598333333,6.0825095,1.33888996,140,0,0.4,337,19,0.7777784,-0.589992,0.185928,1.174128,17.92,-4.62,-10.01
08:39:19.7,46.2198598333333,6.0825095,1.33888996,140,0,0.4,337,19,0.7777784,-0.522648,0.183,1.174128,15.75,-3.92,-10.85
08:39:19.7,46.2198598333333,6.0825095,1.33888996,140,0,0.4,337,19,0.7777784,-0.450912,0.181536,1.17486,13.86,-4.76,-10.78
08:39:19.8,46.2198588333333,6.08250933333333,1.0833342,140,0,0.4,337,19,2.5555576,-0.404064,0.172752,1.194624,11.69,-4.76,-10.43
08:39:19.8,46.2198588333333,6.08250933333333,1.0833342,140,0,0.4,337,19,2.5555576,-0.390156,0.16836,1.20414,9.45,-6.72,-9.24
08:39:19.8,46.2198588333333,6.08250933333333,1.0833342,140,0,0.4,337,19,2.5555576,-0.416508,0.173484,1.20414,7.28,-6.58,-8.26
08:39:19.8,46.2198588333333,6.08250933333333,1.0833342,140,0,0.4,337,19,2.5555576,-0.46848,0.171288,1.2078,5.39,-3.85,-8.54
08:39:19.8,46.2198588333333,6.08250933333333,1.0833342,140,0,0.4,337,19,2.5555576,-0.52338,0.17202,1.20048,2.8,0.14,-9.66
08:39:19.8,46.2198588333333,6.08250933333333,1.0833342,140,0,0.4,337,19,2.5555576,-0.569496,0.177876,1.20048,-0.21,6.93,-9.94
08:39:19.8,46.2198588333333,6.08250933333333,1.0833342,140,0,0.4,337,19,2.5555576,-0.595848,0.16836,1.210728,-3.64,11.62,-9.87
08:39:19.8,46.2198588333333,6.08250933333333,1.0833342,140,0,0.4,337,19,2.5555576,-0.599508,0.156648,1.228296,-6.72,15.4,-10.08
08:39:19.8,46.2198588333333,6.08250933333333,1.0833342,140,0,0.4,337,19,2.5555576,-0.594384,0.163236,1.228296,-9.66,19.53,-10.01
08:39:19.8,46.2198588333333,6.08250933333333,1.0833342,140,0,0.4,337,19,2.5555576,-0.584136,0.181536,1.198284,-13.58,23.52,-9.94
08:39:19.9,46.2198583333333,6.08250916666667,0.7222228,139,0,0.4,0,0,3.611114,-0.565104,0.209352,1.164612,-17.64,27.44,-9.38
08:39:19.9,46.2198583333333,6.08250916666667,0.7222228,139,0,0.4,0,0,3.611114,-0.550464,0.237168,1.143384,-20.86,28.63,-9.24
08:39:19.9,46.2198583333333,6.08250916666667,0.7222228,139,0,0.4,0,0,3.611114,-0.550464,0.245952,1.136064,-22.33,32.55,-9.17
08:39:19.9,46.2198583333333,6.08250916666667,0.7222228,139,0,0.4,0,0,3.611114,-0.543144,0.235704,1.122888,-24.64,35.28,-10.99
08:39:19.9,46.2198583333333,6.08250916666667,0.7222228,139,0,0.4,0,0,3.611114,-0.50508,0.222528,1.102392,-29.75,37.66,-14
08:39:19.9,46.2198583333333,6.08250916666667,0.7222228,139,0,0.4,0,0,3.611114,-0.439932,0.236436,1.096536,-34.79,39.9,-19.11
08:39:19.9,46.2198583333333,6.08250916666667,0.7222228,139,0,0.4,0,0,3.611114,-0.371856,0.276696,1.084824,-36.82,40.53,-24.01
08:39:19.9,46.2198583333333,6.08250916666667,0.7222228,139,0,0.4,0,0,3.611114,-0.32574,0.313296,1.058472,-37.94,43.05,-27.3
08:39:19.9,46.2198583333333,6.08250916666667,0.7222228,139,0,0.4,0,0,3.611114,-0.284016,0.315492,1.038708,-37.8,48.23,-31.71
08:39:19.9,46.2198583333333,6.08250916666667,0.7222228,139,0,0.4,0,0,3.611114,-0.243756,0.28548,1.037976,-39.48,52.01,-37.1
08:39:20.0,46.2198578333333,6.08250933333333,0.55277822,139,0,0.4,337,19,1.6944458,-0.24156,0.260592,1.0431,-39.9,58.66,-41.02
08:39:20.0,46.2198578333333,6.08250933333333,0.55277822,139,0,0.4,337,19,1.6944458,-0.256932,0.260592,1.037976,-40.95,67.2,-45.71
08:39:20.0,46.2198578333333,6.08250933333333,0.55277822,139,0,0.4,337,19,1.6944458,-0.239364,0.264984,1.040172,-43.96,71.89,-51.03
08:39:20.0,46.2198578333333,6.08250933333333,0.55277822,139,0,0.4,337,19,1.6944458,-0.199836,0.258396,1.048224,-46.34,70.35,-55.86
08:39:20.0,46.2198578333333,6.08250933333333,0.55277822,139,0,0.4,337,19,1.6944458,-0.169092,0.24156,1.042368,-46.41,67.06,-59.43
08:39:20.0,46.2198578333333,6.08250933333333,0.55277822,139,0,0.4,337,19,1.6944458,-0.149328,0.222528,1.027728,-44.94,65.24,-61.39
08:39:20.0,46.2198578333333,6.08250933333333,0.55277822,139,0,0.4,337,19,1.6944458,-0.125904,0.2196,1.007232,-44.59,62.23,-62.02
08:39:20.0,46.2198578333333,6.08250933333333,0.55277822,139,0,0.4,337,19,1.6944458,-0.103212,0.23058,0.993324,-45.85,58.59,-61.53
08:39:20.0,46.2198578333333,6.08250933333333,0.55277822,139,0,0.4,337,19,1.6944458,-0.092964,0.248148,0.976488,-46.55,52.78,-59.78
08:39:20.0,46.2198578333333,6.08250933333333,0.55277822,139,0,0.4,337,19,1.6944458,-0.093696,0.2562,0.953064,-46.41,47.04,-57.4
08:39:20.1,46.2198578333333,6.08250933333333,0,139,0,0.4,337,19,5.5277822,-0.099552,0.2562,0.93696,-46.2,44.24,-53.76
08:39:20.1,46.2198578333333,6.08250933333333,0,139,0,0.4,337,19,5.5277822,-0.10248,0.262788,0.919392,-46.48,42.91,-49.49
08:39:20.1,46.2198578333333,6.08250933333333,0,139,0,0.4,337,19,5.5277822,-0.086376,0.269376,0.915,-47.67,40.95,-45.64
08:39:20.1,46.2198578333333,6.08250933333333,0,139,0,0.4,337,19,5.5277822,-0.06588,0.262788,0.920124,-48.37,37.31,-41.65
08:39:20.1,46.2198578333333,6.08250933333333,0,139,0,0.4,337,19,5.5277822,-0.060024,0.245952,0.917928,-48.09,35.49,-37.66
08:39:20.1,46.2198578333333,6.08250933333333,0,139,0,0.4,337,19,5.5277822,-0.0549,0.2379,0.910608,-49.21,32.06,-33.67
08:39:20.1,46.2198578333333,6.08250933333333,0,139,0,0.4,337,19,5.5277822,-0.054168,0.247416,0.910608,-50.26,27.51,-29.75
08:39:20.1,46.2198578333333,6.08250933333333,0,139,0,0.4,337,19,5.5277822,-0.06588,0.264252,0.905484,-49.84,23.03,-25.34
08:39:20.1,46.2198578333333,6.08250933333333,0,139,0,0.4,337,19,5.5277822,-0.077592,0.2745,0.882792,-50.68,20.86,-20.86
08:39:20.1,46.2198578333333,6.08250933333333,0,139,0,0.4,337,19,5.5277822,-0.085644,0.279624,0.872544,-52.57,18.76,-16.66
08:39:20.2,46.2198583333333,6.0825095,0,139,0,0.4,337,19,0,-0.094428,0.284016,0.8784,-53.55,17.29,-12.67
08:39:20.2,46.2198583333333,6.0825095,0,139,0,0.4,337,19,0,-0.099552,0.294996,0.86742,-54.39,14.42,-9.1
08:39:20.2,46.2198583333333,6.0825095,0,139,0,0.4,337,19,0,-0.101016,0.302316,0.839604,-54.6,10.43,-5.88
08:39:20.2,46.2198583333333,6.0825095,0,139,0,0.4,337,19,0,-0.093696,0.30744,0.822036,-55.16,6.23,-3.01
08:39:20.2,46.2198583333333,6.0825095,0,139,0,0.4,337,19,0,-0.088572,0.323544,0.808128,-55.16,2.73,-0.28
08:39:20.2,46.2198583333333,6.0825095,0,139,0,0.4,337,19,0,-0.08784,0.344772,0.789096,-55.58,1.26,2.1
08:39:20.2,46.2198583333333,6.0825095,0,139,0,0.4,337,19,0,-0.084912,0.357948,0.777384,-55.79,0.14,4.62
08:39:20.2,46.2198583333333,6.0825095,0,139,0,0.4,337,19,0,-0.08784,0.36966,0.770064,-55.93,-1.61,6.65
08:39:20.2,46.2198583333333,6.0825095,0,139,0,0.4,337,19,0,-0.098088,0.382836,0.769332,-56.49,-4.13,8.75
08:39:20.2,46.2198583333333,6.0825095,0,139,0,0.4,337,19,0,-0.111996,0.389424,0.771528,-56.91,-5.04,11.13
08:39:20.3,46.2198585,6.08250966666667,0,139,0,0.4,0,0,0,-0.122976,0.398208,0.765672,-57.4,-6.16,12.95
08:39:20.3,46.2198585,6.08250966666667,0,139,0,0.4,0,0,0,-0.13908,0.414312,0.764208,-57.4,-7.56,14.63
08:39:20.3,46.2198585,6.08250966666667,0,139,0,0.4,0,0,0,-0.151524,0.43188,0.775188,-56.42,-9.87,16.17
08:39:20.3,46.2198585,6.08250966666667,0,139,0,0.4,0,0,0,-0.159576,0.4392,0.780312,-55.37,-11.34,16.87
08:39:20.3,46.2198585,6.08250966666667,0,139,0,0.4,0,0,0,-0.172752,0.449448,0.78324,-54.95,-11.2,17.78
08:39:20.3,46.2198585,6.08250966666667,0,139,0,0.4,0,0,0,-0.183732,0.472872,0.792024,-54.67,-10.57,18.76
08:39:20.3,46.2198585,6.08250966666667,0,139,0,0.4,0,0,0,-0.181536,0.499224,0.787632,-53.55,-10.71,19.6
08:39:20.3,46.2198585,6.08250966666667,0,139,0,0.4,0,0,0,-0.174216,0.521184,0.777384,-52.43,-11.55,20.3
08:39:20.3,46.2198585,6.08250966666667,0,139,0,0.4,0,0,0,-0.172752,0.542412,0.771528,-51.8,-12.95,21.42
08:39:20.3,46.2198585,6.08250966666667,0,139,0,0.4,0,0,0,-0.183,0.562176,0.770796,-50.54,-13.3,22.54
08:39:20.4,46.2198588333333,6.08250983333333,0.32777804,139,0,0.4,337,19,3.2777804,-0.20496,0.576084,0.7686,-49.56,-12.46,23.24
08:39:20.4,46.2198588333333,6.08250983333333,0.32777804,139,0,0.4,337,19,3.2777804,-0.226188,0.579744,0.771528,-48.51,-11.2,23.73
08:39:20.4,46.2198588333333,6.08250983333333,0.32777804,139,0,0.4,337,19,3.2777804,-0.231312,0.579744,0.766404,-48.02,-10.64,23.66
08:39:20.4,46.2198588333333,6.08250983333333,0.32777804,139,0,0.4,337,19,3.2777804,-0.227652,0.586332,0.742248,-48.09,-10.22,23.38
08:39:20.4,46.2198588333333,6.08250983333333,0.32777804,139,0,0.4,337,19,3.2777804,-0.231312,0.606828,0.727608,-48.51,-8.33,22.89
08:39:20.4,46.2198588333333,6.08250983333333,0.32777804,139,0,0.4,337,19,3.2777804,-0.24156,0.630984,0.729072,-48.58,-6.86,22.89
08:39:20.4,46.2198588333333,6.08250983333333,0.32777804,139,0,0.4,337,19,3.2777804,-0.240096,0.639768,0.732,-46.97,-4.83,22.68
08:39:20.4,46.2198588333333,6.08250983333333,0.32777804,139,0,0.4,337,19,3.2777804,-0.23058,0.639768,0.741516,-44.94,-3.08,21.98
08:39:20.4,46.2198588333333,6.08250983333333,0.32777804,139,0,0.4,337,19,3.2777804,-0.225456,0.633912,0.747372,-42.28,-2.8,21.56
08:39:20.4,46.2198588333333,6.08250983333333,0.32777804,139,0,0.4,337,19,3.2777804,-0.227652,0.621468,0.729072,-40.53,-3.29,21.84
08:39:20.5,46.2198593333333,6.08251,0.54444488,139,0,0.4,337,19,2.1666684,-0.251076,0.614148,0.69906,-39.27,-2.03,21.7
08:39:20.5,46.2198593333333,6.08251,0.54444488,139,0,0.4,337,19,2.1666684,-0.2745,0.613416,0.682956,-38.29,1.68,20.79
08:39:20.5,46.2198593333333,6.08251,0.54444488,139,0,0.4,337,19,2.1666684,-0.28182,0.60024,0.672708,-36.96,3.71,19.25
08:39:20.5,46.2198593333333,6.08251,0.54444488,139,0,0.4,337,19,2.1666684,-0.284016,0.576816,0.648552,-34.58,6.23,16.94
08:39:20.5,46.2198593333333,6.08251,0.54444488,139,0,0.4,337,19,2.1666684,-0.28548,0.560712,0.635376,-31.78,10.15,13.79
08:39:20.5,46.2198593333333,6.08251,0.54444488,139,0,0.4,337,19,2.1666684,-0.286944,0.542412,0.62952,-28.91,15.19,10.57
08:39:20.5,46.2198593333333,6.08251,0.54444488,139,0,0.4,337,19,2.1666684,-0.295728,0.514596,0.609756,-27.65,19.74,7.7
08:39:20.5,46.2198593333333,6.08251,0.54444488,139,0,0.4,337,19,2.1666684,-0.298656,0.48312,0.579744,-26.25,23.38,4.76
08:39:20.5,46.2198593333333,6.08251,0.54444488,139,0,0.4,337,19,2.1666684,-0.282552,0.447984,0.549732,-23.94,28,1.61
08:39:20.5,46.2198593333333,6.08251,0.54444488,139,0,0.4,337,19,2.1666684,-0.26718,0.404796,0.532164,-21.77,34.72,-1.82
08:39:20.7,46.2198603333333,6.08251083333333,0.74444504,139,0,0.4,337,19,2.0000016,-0.269376,0.360144,0.538752,-20.86,43.61,-5.39
08:39:20.7,46.2198603333333,6.08251083333333,0.74444504,139,0,0.4,337,19,2.0000016,-0.2745,0.34404,0.555588,-21.49,50.89,-9.38
08:39:20.7,46.2198603333333,6.08251083333333,0.74444504,139,0,0.4,337,19,2.0000016,-0.269376,0.404796,0.566568,-22.61,53.83,-14.07
08:39:20.7,46.2198603333333,6.08251083333333,0.74444504,139,0,0.4,337,19,2.0000016,-0.228384,0.549,0.547536,-25.41,52.64,-19.67
08:39:20.7,46.2198603333333,6.08251083333333,0.74444504,139,0,0.4,337,19,2.0000016,-0.116388,0.698328,0.531432,-24.78,42.07,-25.27
08:39:20.7,46.2198603333333,6.08251083333333,0.74444504,139,0,0.4,337,19,2.0000016,0.031476,0.785436,0.568032,-13.79,27.86,-27.37
08:39:20.7,46.2198603333333,6.08251083333333,0.74444504,139,0,0.4,337,19,2.0000016,0.161772,0.781776,0.66612,-0.35,25.27,-24.85
08:39:20.7,46.2198603333333,6.08251083333333,0.74444504,139,0,0.4,337,19,2.0000016,0.2562,0.751032,0.734928,3.71,23.03,-21.35
08:39:20.7,46.2198603333333,6.08251083333333,0.74444504,139,0,0.4,337,19,2.0000016,0.306708,0.7686,0.6771,0,15.82,-21.49
08:39:20.7,46.2198603333333,6.08251083333333,0.74444504,139,0,0.4,337,19,2.0000016,0.337452,0.818376,0.683688,3.15,18.13,-25.48
08:39:20.8,46.2198611666667,6.08251166666667,0.95277854,139,0,0.4,0,0,2.083335,0.408456,0.887184,0.875472,11.9,14.91,-27.23
08:39:20.8,46.2198611666667,6.08251166666667,0.95277854,139,0,0.4,0,0,2.083335,0.465552,0.917928,0.945744,22.54,-0.7,-23.31
08:39:20.8,46.2198611666667,6.08251166666667,0.95277854,139,0,0.4,0,0,2.083335,0.458232,0.920856,0.745176,25.48,5.74,-17.64
08:39:20.8,46.2198611666667,6.08251166666667,0.95277854,139,0,0.4,0,0,2.083335,0.5307,1.026996,0.667584,17.36,24.57,-13.37
08:39:20.8,46.2198611666667,6.08251166666667,0.95277854,139,0,0.4,0,0,2.083335,0.6405,1.166076,0.767136,6.51,18.76,-7.21
08:39:20.8,46.2198611666667,6.08251166666667,0.95277854,139,0,0.4,0,0,2.083335,0.6405,1.218048,0.83448,-1.96,10.22,2.03
08:39:20.8,46.2198611666667,6.08251166666667,0.95277854,139,0,0.4,0,0,2.083335,0.589992,1.271484,0.90402,-10.29,-0.14,8.89
08:39:20.8,46.2198611666667,6.08251166666667,0.95277854,139,0,0.4,0,0,2.083335,0.561444,1.362252,0.955992,-16.66,-11.41,11.27
08:39:20.8,46.2198611666667,6.08251166666667,0.95277854,139,0,0.4,0,0,2.083335,0.597312,1.414224,0.948672,-19.53,-21,13.3
08:39:20.8,46.2198611666667,6.08251166666667,0.95277854,139,0,0.4,0,0,2.083335,0.637572,1.4274,0.906948,-23.1,-34.37,16.38
08:39:20.9,46.219862,6.0825125,1.18333428,139,0,0.4,337,19,2.3055574,0.613416,1.4457,0.872544,-24.29,-47.53,19.18
08:39:20.9,46.219862,6.0825125,1.18333428,139,0,0.4,337,19,2.3055574,0.540216,1.443504,0.837408,-22.26,-57.61,23.17
08:39:20.9,46.219862,6.0825125,1.18333428,139,0,0.4,337,19,2.3055574,0.459696,1.388604,0.799344,-17.29,-63.7,27.58
08:39:20.9,46.219862,6.0825125,1.18333428,139,0,0.4,337,19,2.3055574,0.410652,1.278072,0.764208,-11.27,-72.87,31.08
08:39:20.9,46.219862,6.0825125,1.18333428,139,0,0.4,337,19,2.3055574,0.374784,1.135332,0.718824,-5.95,-81.27,34.93
08:39:20.9,46.219862,6.0825125,1.18333428,139,0,0.4,337,19,2.3055574,0.338184,0.991128,0.660996,-2.59,-86.24,38.99
08:39:20.9,46.219862,6.0825125,1.18333428,139,0,0.4,337,19,2.3055574,0.297192,0.846192,0.619272,0.21,-89.11,43.96
08:39:20.9,46.219862,6.0825125,1.18333428,139,0,0.4,337,19,2.3055574,0.234972,0.7137,0.57096,3.99,-89.6,48.3
08:39:20.9,46.219862,6.0825125,1.18333428,139,0,0.4,337,19,2.3055574,0.17568,0.608292,0.50874,4.41,-88.06,51.1
08:39:20.9,46.219862,6.0825125,1.18333428,139,0,0.4,337,19,2.3055574,0.122976,0.521916,0.452376,3.01,-85.96,53.55
08:39:21.0,46.2198625,6.08251283333333,0.78888952,139,0,0.4,337,19,3.9444476,0.088572,0.431148,0.406992,1.82,-84.21,54.04
08:39:21.0,46.2198625,6.08251283333333,0.78888952,139,0,0.4,337,19,3.9444476,0.084912,0.338184,0.368928,2.45,-84.91,54.88
08:39:21.0,46.2198625,6.08251283333333,0.78888952,139,0,0.4,337,19,3.9444476,0.098088,0.265716,0.319152,3.64,-85.82,55.16
08:39:21.0,46.2198625,6.08251283333333,0.78888952,139,0,0.4,337,19,3.9444476,0.13176,0.193248,0.269376,5.67,-85.82,56.7
08:39:21.0,46.2198625,6.08251283333333,0.78888952,139,0,0.4,337,19,3.9444476,0.165432,0.101016,0.214476,7.42,-84.84,59.85
08:39:21.0,46.2198625,6.08251283333333,0.78888952,139,0,0.4,337,19,3.9444476,0.181536,0.005124,0.143472,5.32,-83.58,62.86
08:39:21.0,46.2198625,6.08251283333333,0.78888952,139,0,0.4,337,19,3.9444476,0.17568,-0.083448,0.085644,-1.68,-81.97,64.12
08:39:21.0,46.2198625,6.08251283333333,0.78888952,139,0,0.4,337,19,3.9444476,0.149328,-0.169092,0.05856,-12.32,-84.28,63.84
08:39:21.0,46.2198625,6.08251283333333,0.78888952,139,0,0.4,337,19,3.9444476,0.079788,-0.23058,0.057096,-25.13,-89.6,62.37
08:39:21.0,46.2198625,6.08251283333333,0.78888952,139,0,0.4,337,19,3.9444476,-0.057828,-0.24888,0.0732,-38.57,-92.4,57.75
08:39:21.1,46.2198625,6.08251283333333,0,139,0,0.4,337,19,0,-0.2562,-0.24522,0.134688,-51.45,-87.01,50.96
08:39:21.1,46.2198625,6.08251283333333,0,139,0,0.4,337,19,0,-0.508008,-0.24156,0.326472,-53.55,-55.51,44.59
08:39:21.1,46.2198625,6.08251283333333,0,139,0,0.4,337,19,0,-0.671976,-0.16104,0.542412,-36.68,6.09,45.57
08:39:21.1,46.2198625,6.08251283333333,0,139,0,0.4,337,19,0,-0.678564,0.095892,0.604632,-29.75,31.57,53.55
08:39:21.1,46.2198625,6.08251283333333,0,139,0,0.4,337,19,0,-0.683688,0.529968,0.645624,-43.61,9.24,47.67
08:39:21.1,46.2198625,6.08251283333333,0,139,0,0.4,337,19,0,-0.634644,0.97356,0.726876,-49.98,-13.72,25.2
08:39:21.1,46.2198625,6.08251283333333,0,139,0,0.4,337,19,0,-0.491904,1.356396,0.786168,-29.19,-20.09,4.83
08:39:21.1,46.2198625,6.08251283333333,0,139,0,0.4,337,19,0,-0.390156,1.700436,0.895968,-11.48,-2.24,-11.69
08:39:21.1,46.2198625,6.08251283333333,0,139,0,0.4,337,19,0,-0.305976,1.876848,0.998448,-13.37,-0.56,-22.89
08:39:21.1,46.2198625,6.08251283333333,0,139,0,0.4,337,19,0,-0.202032,1.941264,1.03944,-18.27,-17.57,-38.08
08:39:21.2,46.2198628333333,6.082513,0,139,0,0.4,337,19,0,-0.174948,1.931016,1.058472,-12.04,-7.77,-45.5
08:39:21.2,46.2198628333333,6.082513,0,139,0,0.4,337,19,0,-0.28548,1.878312,1.059936,-12.04,15.05,-42.35
08:39:21.2,46.2198628333333,6.082513,0,139,0,0.4,337,19,0,-0.475068,1.860012,1.036512,-15.54,41.58,-37.66
08:39:21.2,46.2198628333333,6.082513,0,139,0,0.4,337,19,0,-0.63684,1.7568,0.994788,-16.66,66.78,-33.46
08:39:21.2,46.2198628333333,6.082513,0,139,0,0.4,337,19,0,-0.670512,1.554768,0.925248,-16.73,79.24,-33.18
08:39:21.2,46.2198628333333,6.082513,0,139,0,0.4,337,19,0,-0.566568,1.384944,0.806664,-21.91,80.99,-34.86
08:39:21.2,46.2198628333333,6.082513,0,139,0,0.4,337,19,0,-0.385764,1.300032,0.712236,-24.36,88.48,-36.54
08:39:21.2,46.2198628333333,6.082513,0,139,0,0.4,337,19,0,-0.19764,1.24074,0.65514,-25.9,94.36,-37.87
08:39:21.2,46.2198628333333,6.082513,0,139,0,0.4,337,19,0,-0.070272,1.165344,0.595848,-25.9,97.79,-37.8
08:39:21.2,46.2198628333333,6.082513,0,139,0,0.4,337,19,0,-0.00732,1.074576,0.551196,-22.33,102.9,-37.52
08:39:21.3,46.2198635,6.08251283333333,0.7916673,140,0,0.4,0,0,0,0.038064,0.964776,0.518256,-15.47,104.79,-38.71
08:39:21.3,46.2198635,6.08251283333333,0.7916673,140,0,0.4,0,0,0,0.065148,0.818376,0.4575,-6.65,102.76,-39.55
08:39:21.3,46.2198635,6.08251283333333,0.7916673,140,0,0.4,0,0,0,0.035136,0.655872,0.354288,1.33,102.97,-42.49
08:39:21.3,46.2198635,6.08251283333333,0.7916673,140,0,0.4,0,0,0,-0.0366,0.518256,0.234972,3.85,109.34,-49.49
08:39:21.3,46.2198635,6.08251283333333,0.7916673,140,0,0.4,0,0,0,-0.099552,0.405528,0.161772,0.91,115.92,-58.31
08:39:21.3,46.2198635,6.08251283333333,0.7916673,140,0,0.4,0,0,0,-0.123708,0.284016,0.141276,-0.63,116.55,-66.64
08:39:21.3,46.2198635,6.08251283333333,0.7916673,140,0,0.4,0,0,0,-0.121512,0.172752,0.143472,0.63,112.49,-71.68
08:39:21.3,46.2198635,6.08251283333333,0.7916673,140,0,0.4,0,0,0,-0.122976,0.089304,0.13908,4.62,103.81,-76.23
08:39:21.3,46.2198635,6.08251283333333,0.7916673,140,0,0.4,0,0,0,-0.125904,0.019764,0.110532,7.42,96.81,-79.59
08:39:21.3,46.2198635,6.08251283333333,0.7916673,140,0,0.4,0,0,0,-0.114192,-0.04392,0.088572,6.65,93.66,-79.24
08:39:21.4,46.219864,6.08251366666667,0.68333388,140,0,0.4,337,19,1.0833342,-0.071004,-0.09882,0.0915,3.78,91.35,-72.66
08:39:21.4,46.219864,6.08251366666667,0.68333388,140,0,0.4,337,19,1.0833342,0.012444,-0.111264,0.134688,1.82,91.42,-60.06
08:39:21.4,46.219864,6.08251366666667,0.68333388,140,0,0.4,337,19,1.0833342,0.143472,-0.034404,0.264984,6.58,93.24,-45.5
08:39:21.4,46.219864,6.08251366666667,0.68333388,140,0,0.4,337,19,1.0833342,0.44652,0.17934,0.799344,23.94,69.86,-30.87
08:39:21.4,46.219864,6.08251366666667,0.68333388,140,0,0.4,337,19,1.0833342,0.715896,0.478728,1.169736,53.48,-56.63,-23.38
08:39:21.4,46.219864,6.08251366666667,0.68333388,140,0,0.4,337,19,1.0833342,0.589992,0.685152,0.633912,45.64,-118.09,-27.93
08:39:21.4,46.219864,6.08251366666667,0.68333388,140,0,0.4,337,19,1.0833342,0.492636,0.890112,0.235704,7.77,-34.65,-25.76
08:39:21.4,46.219864,6.08251366666667,0.68333388,140,0,0.4,337,19,1.0833342,0.67344,1.25904,0.509472,-5.74,3.29,-15.96
08:39:21.4,46.219864,6.08251366666667,0.68333388,140,0,0.4,337,19,1.0833342,0.707112,1.583316,0.601704,6.51,-8.61,-9.45
08:39:21.4,46.219864,6.08251366666667,0.68333388,140,0,0.4,337,19,1.0833342,0.55632,1.903932,0.54168,6.02,-6.65,3.99
08:39:21.5,46.2198645,6.0825145,0.77222284,140,0,0.4,337,19,0.8888896,0.397476,2.345328,0.732,-2.94,-12.81,18.41
08:39:21.5,46.2198645,6.0825145,0.77222284,140,0,0.4,337,19,0.8888896,0.316956,2.584692,0.898164,0.77,-11.34,29.61
08:39:21.5,46.2198645,6.0825145,0.77222284,140,0,0.4,337,19,0.8888896,0.346236,2.373876,0.943548,10.64,-11.9,31.64
08:39:21.5,46.2198645,6.0825145,0.77222284,140,0,0.4,337,19,0.8888896,0.39162,2.004948,0.948672,31.22,-24.85,26.18
08:39:21.5,46.2198645,6.0825145,0.77222284,140,0,0.4,337,19,0.8888896,0.405528,1.73484,0.887916,36.47,-35.21,22.12
08:39:21.5,46.2198645,6.0825145,0.77222284,140,0,0.4,337,19,0.8888896,0.377712,1.501332,0.815448,26.53,-45.5,20.16
08:39:21.5,46.2198645,6.0825145,0.77222284,140,0,0.4,337,19,0.8888896,0.327936,1.289784,0.7686,21.21,-57.68,18.2
08:39:21.5,46.2198645,6.0825145,0.77222284,140,0,0.4,337,19,0.8888896,0.284748,1.09068,0.709308,21.35,-66.57,18.27
08:39:21.5,46.2198645,6.0825145,0.77222284,140,0,0.4,337,19,0.8888896,0.229116,0.93696,0.639768,22.33,-70.28,21.49
08:39:21.5,46.2198645,6.0825145,0.77222284,140,0,0.4,337,19,0.8888896,0.1464,0.825696,0.586332,21.91,-70.28,24.01
08:39:21.6,46.2198651666667,6.08251483333333,0.81111176,140,0,0.4,337,19,0.3888892,0.082716,0.723216,0.543876,21.91,-70.28,26.32
08:39:21.6,46.2198651666667,6.08251483333333,0.81111176,140,0,0.4,337,19,0.3888892,0.070272,0.603168,0.505812,24.43,-70.77,29.61
08:39:21.6,46.2198651666667,6.08251483333333,0.81111176,140,0,0.4,337,19,0.3888892,0.107604,0.471408,0.459696,28.14,-76.23,34.51
08:39:21.6,46.2198651666667,6.08251483333333,0.81111176,140,0,0.4,337,19,0.3888892,0.17202,0.346968,0.39528,31.57,-82.74,42.14
08:39:21.6,46.2198651666667,6.08251483333333,0.81111176,140,0,0.4,337,19,0.3888892,0.251808,0.2196,0.330864,34.16,-85.82,52.36
08:39:21.6,46.2198651666667,6.08251483333333,0.81111176,140,0,0.4,337,19,0.3888892,0.345504,0.105408,0.265716,35.14,-87.08,63.14
08:39:21.6,46.2198651666667,6.08251483333333,0.81111176,140,0,0.4,337,19,0.3888892,0.422364,0.013176,0.193248,33.46,-86.52,73.36
08:39:21.6,46.2198651666667,6.08251483333333,0.81111176,140,0,0.4,337,19,0.3888892,0.449448,-0.068808,0.117852,29.54,-87.92,82.88
08:39:21.6,46.2198651666667,6.08251483333333,0.81111176,140,0,0.4,337,19,0.3888892,0.429684,-0.139812,0.054168,21.21,-92.89,89.74
08:39:21.6,46.2198651666667,6.08251483333333,0.81111176,140,0,0.4,337,19,0.3888892,0.385032,-0.19032,0.019764,7.77,-104.93,92.68
08:39:21.7,46.2198648333333,6.08251516666667,0,139,0,0.4,0,0,0,0.326472,-0.222528,0.013908,-7,-124.18,92.12
08:39:21.7,46.2198648333333,6.08251516666667,0,139,0,0.4,0,0,0,0.245952,-0.232044,0.026352,-19.39,-144.41,88.97
08:39:21.7,46.2198648333333,6.08251516666667,0,139,0,0.4,0,0,0,0.129564,-0.216672,0.045384,-26.95,-160.72,83.51
08:39:21.7,46.2198648333333,6.08251516666667,0,139,0,0.4,0,0,0,-0.030012,-0.154452,0.068808,-30.17,-168.91,77.49
08:39:21.7,46.2198648333333,6.08251516666667,0,139,0,0.4,0,0,0,-0.236436,-0.004392,0.103944,-30.24,-166.46,71.89
08:39:21.7,46.2198648333333,6.08251516666667,0,139,0,0.4,0,0,0,-0.597312,0.328668,0.281088,-26.81,-126.84,71.47
08:39:21.7,46.2198648333333,6.08251516666667,0,139,0,0.4,0,0,0,-0.930372,0.950136,0.78324,-11.9,49.28,88.97
08:39:21.7,46.2198648333333,6.08251516666667,0,139,0,0.4,0,0,0,-0.631716,1.509384,1.275144,4.83,98.77,77.84
08:39:21.7,46.2198648333333,6.08251516666667,0,139,0,0.4,0,0,0,-0.314028,1.66896,1.030656,26.46,-103.88,34.16
08:39:21.7,46.2198648333333,6.08251516666667,0,139,0,0.4,0,0,0,-0.576816,1.708488,0.696132,-17.92,-102.48,25.48
08:39:21.8,46.2198648333333,6.08251516666667,0,139,0,0.4,337,19,0,-0.602436,1.735572,0.781776,-50.05,-67.76,10.01
08:39:21.8,46.2198648333333,6.08251516666667,0,139,0,0.4,337,19,0,-0.39162,1.911252,0.854976,-17.01,-77.14,5.95
08:39:21.8,46.2198648333333,6.08251516666667,0,139,0,0.4,337,19,0,-0.381372,2.21064,0.928176,-17.01,-70.49,5.04
08:39:21.8,46.2198648333333,6.08251516666667,0,139,0,0.4,337,19,0,-0.477264,2.231136,0.94428,-15.05,-56.56,14.21
08:39:21.8,46.2198648333333,6.08251516666667,0,139,0,0.4,337,19,0,-0.595116,2.110356,0.94062,-10.92,-28.21,26.53
08:39:21.8,46.2198648333333,6.08251516666667,0,139,0,0.4,337,19,0,-0.683688,2.012268,0.964044,-10.01,-4.2,34.09
08:39:21.8,46.2198648333333,6.08251516666667,0,139,0,0.4,337,19,0,-0.672708,1.834392,0.959652,-9.45,1.47,30.45
08:39:21.8,46.2198648333333,6.08251516666667,0,139,0,0.4,337,19,0,-0.522648,1.585512,0.915,-10.08,-0.84,24.22
08:39:21.8,46.2198648333333,6.08251516666667,0,139,0,0.4,337,19,0,-0.320616,1.392264,0.829356,-10.71,-4.34,20.16
08:39:21.8,46.2198648333333,6.08251516666667,0,139,0,0.4,337,19,0,-0.158112,1.270752,0.719556,-10.71,-2.24,16.66
08:39:21.9,46.219865,6.08251483333333,0.34166694,139,0,0.4,337,19,3.4166694,-0.067344,1.153632,0.631716,-8.82,5.46,15.05
08:39:21.9,46.219865,6.08251483333333,0.34166694,139,0,0.4,337,19,3.4166694,-0.04026,1.049688,0.569496,-4.9,12.46,12.95
08:39:21.9,46.219865,6.08251483333333,0.34166694,139,0,0.4,337,19,3.4166694,-0.04392,0.92964,0.496296,1.89,17.08,10.92
08:39:21.9,46.219865,6.08251483333333,0.34166694,139,0,0.4,337,19,3.4166694,-0.068808,0.77958,0.410652,3.15,18.06,9.73
08:39:21.9,46.219865,6.08251483333333,0.34166694,139,0,0.4,337,19,3.4166694,-0.139812,0.641232,0.346968,1.96,18.48,7.56
08:39:21.9,46.219865,6.08251483333333,0.34166694,139,0,0.4,337,19,3.4166694,-0.23424,0.508008,0.293532,3.71,25.41,0.98
08:39:21.9,46.219865,6.08251483333333,0.34166694,139,0,0.4,337,19,3.4166694,-0.313296,0.37332,0.243024,6.23,35.28,-8.33
08:39:21.9,46.219865,6.08251483333333,0.34166694,139,0,0.4,337,19,3.4166694,-0.37332,0.257664,0.21228,7.49,40.04,-17.92
08:39:21.9,46.219865,6.08251483333333,0.34166694,139,0,0.4,337,19,3.4166694,-0.400404,0.159576,0.19032,9.66,38.5,-27.79
08:39:21.9,46.219865,6.08251483333333,0.34166694,139,0,0.4,337,19,3.4166694,-0.398208,0.05124,0.149328,10.78,33.88,-34.16
08:39:22.0,46.219865,6.08251566666667,0.44166702,138,0,0.4,0,0,1.0000008,0.406992,1.552572,1.11996,45.57,-15.82,35.42
08:39:22.0,46.219865,6.08251566666667,0.44166702,138,0,0.4,0,0,1.0000008,0.452376,1.491816,0.715896,28.35,-10.43,20.44
08:39:22.0,46.219865,6.08251566666667,0.44166702,138,0,0.4,0,0,1.0000008,0.39894,1.46034,0.477264,28.56,12.11,26.46
08:39:22.0,46.219865,6.08251566666667,0.44166702,138,0,0.4,0,0,1.0000008,0.189588,1.54086,0.853512,43.47,59.29,34.51
08:39:22.0,46.219865,6.08251566666667,0.44166702,138,0,0.4,0,0,1.0000008,0.056364,1.527684,1.103124,41.65,37.03,32.76
08:39:22.0,46.219865,6.08251566666667,0.44166702,138,0,0.4,0,0,1.0000008,0.005856,1.644804,0.983808,42.98,21.21,29.05
08:39:22.0,46.219865,6.08251566666667,0.44166702,138,0,0.4,0,0,1.0000008,0,1.787544,0.9699,27.37,22.75,21.77
08:39:22.0,46.219865,6.08251566666667,0.44166702,138,0,0.4,0,0,1.0000008,0.043188,1.76778,1.035048,20.58,26.11,14.56
08:39:22.0,46.219865,6.08251566666667,0.44166702,138,0,0.4,0,0,1.0000008,0.062952,1.704096,1.081896,24.15,28.28,7.77
08:39:22.0,46.219865,6.08251566666667,0.44166702,138,0,0.4,0,0,1.0000008,0.089304,1.721664,1.076772,14,19.32,-5.67
08:39:22.1,46.219865,6.08251683333333,0.74166726,138,0,0.4,337,19,3.0000024,0.147864,1.734108,0.98454,-2.8,9.59,-15.75
08:39:22.1,46.219865,6.08251683333333,0.74166726,138,0,0.4,337,19,3.0000024,0.181536,1.712148,0.936228,-10.99,10.5,-24.29
08:39:22.1,46.219865,6.08251683333333,0.74166726,138,0,0.4,337,19,3.0000024,0.172752,1.674816,0.876936,-11.13,10.92,-31.64
08:39:22.1,46.219865,6.08251683333333,0.74166726,138,0,0.4,337,19,3.0000024,0.169824,1.611864,0.8052,-9.73,10.22,-36.54
08:39:22.1,46.219865,6.08251683333333,0.74166726,138,0,0.4,337,19,3.0000024,0.183,1.52622,0.786168,-7.28,4.9,-38.36
08:39:22.1,46.219865,6.08251683333333,0.74166726,138,0,0.4,337,19,3.0000024,0.193248,1.401048,0.748104,0.7,-3.71,-40.11
08:39:22.1,46.219865,6.08251683333333,0.74166726,138,0,0.4,337,19,3.0000024,0.203496,1.226832,0.647088,7,-11.2,-40.53
08:39:22.1,46.219865,6.08251683333333,0.74166726,138,0,0.4,337,19,3.0000024,0.18666,1.037976,0.54168,7.14,-14.35,-40.11
08:39:22.1,46.219865,6.08251683333333,0.74166726,138,0,0.4,337,19,3.0000024,0.147132,0.8418,0.478728,10.08,-12.95,-38.64
08:39:22.1,46.219865,6.08251683333333,0.74166726,138,0,0.4,337,19,3.0000024,0.12444,0.639036,0.421632,15.82,-16.66,-36.75
08:39:22.2,46.2198653333333,6.08251766666667,0.7500006,138,0,0.4,337,19,0.0833333999999997,0.147864,1.734108,0.98454,-2.8,9.59,-15.75
08:39:22.2,46.2198653333333,6.08251766666667,0.7500006,138,0,0.4,337,19,0.0833333999999997,0.181536,1.712148,0.936228,-10.99,10.5,-24.29
08:39:22.2,46.2198653333333,6.08251766666667,0.7500006,138,0,0.4,337,19,0.0833333999999997,0.172752,1.674816,0.876936,-11.13,10.92,-31.64
08:39:22.2,46.2198653333333,6.08251766666667,0.7500006,138,0,0.4,337,19,0.0833333999999997,0.169824,1.611864,0.8052,-9.73,10.22,-36.54
08:39:22.2,46.2198653333333,6.08251766666667,0.7500006,138,0,0.4,337,19,0.0833333999999997,0.183,1.52622,0.786168,-7.28,4.9,-38.36
08:39:22.2,46.2198653333333,6.08251766666667,0.7500006,138,0,0.4,337,19,0.0833333999999997,0.193248,1.401048,0.748104,0.7,-3.71,-40.11
08:39:22.2,46.2198653333333,6.08251766666667,0.7500006,138,0,0.4,337,19,0.0833333999999997,0.203496,1.226832,0.647088,7,-11.2,-40.53
08:39:22.2,46.2198653333333,6.08251766666667,0.7500006,138,0,0.4,337,19,0.0833333999999997,0.18666,1.037976,0.54168,7.14,-14.35,-40.11
08:39:22.2,46.2198653333333,6.08251766666667,0.7500006,138,0,0.4,337,19,0.0833333999999997,0.147132,0.8418,0.478728,10.08,-12.95,-38.64
08:39:22.2,46.2198653333333,6.08251766666667,0.7500006,138,0,0.4,337,19,0.0833333999999997,0.12444,0.639036,0.421632,15.82,-16.66,-36.75
08:39:22.3,46.2198651666667,6.08251883333333,0.8055562,138,0,0.4,337,19,0.555555999999999,0.130296,0.456768,0.33672,20.51,-23.1,-31.08
08:39:22.3,46.2198651666667,6.08251883333333,0.8055562,138,0,0.4,337,19,0.555555999999999,0.1464,0.286944,0.248148,21.35,-28.49,-24.57
08:39:22.3,46.2198651666667,6.08251883333333,0.8055562,138,0,0.4,337,19,0.555555999999999,0.199836,0.120048,0.184464,17.99,-37.8,-19.11
08:39:22.3,46.2198651666667,6.08251883333333,0.8055562,138,0,0.4,337,19,0.555555999999999,0.254736,0,0.134688,13.72,-56.7,-9.31
08:39:22.3,46.2198651666667,6.08251883333333,0.8055562,138,0,0.4,337,19,0.555555999999999,0.277428,-0.049044,0.081984,11.55,-74.76,1.26
08:39:22.3,46.2198651666667,6.08251883333333,0.8055562,138,0,0.4,337,19,0.555555999999999,0.288408,-0.061488,0.033672,11.06,-80.36,9.94
08:39:22.3,46.2198651666667,6.08251883333333,0.8055562,138,0,0.4,337,19,0.555555999999999,0.27816,-0.093696,0.002196,10.5,-78.82,17.08
08:39:22.3,46.2198651666667,6.08251883333333,0.8055562,138,0,0.4,337,19,0.555555999999999,0.243024,-0.174948,-0.011712,6.3,-79.66,21.98
08:39:22.3,46.2198651666667,6.08251883333333,0.8055562,138,0,0.4,337,19,0.555555999999999,0.214476,-0.288408,0.015372,-0.56,-84.84,26.39
08:39:22.3,46.2198651666667,6.08251883333333,0.8055562,138,0,0.4,337,19,0.555555999999999,0.221064,-0.39894,0.104676,-5.46,-99.96,31.71
08:39:22.4,46.2198646666667,6.08252016666667,1.0972231,138,0,0.4,337,19,2.916669,0.251076,-0.467748,0.21594,-1.82,-125.02,35.77
08:39:22.4,46.2198646666667,6.08252016666667,1.0972231,138,0,0.4,337,19,2.916669,0.25986,-0.452376,0.221064,4.34,-148.75,33.81
08:39:22.4,46.2198646666667,6.08252016666667,1.0972231,138,0,0.4,337,19,2.916669,0.223992,-0.372588,0.133224,-2.73,-146.51,26.46
08:39:22.4,46.2198646666667,6.08252016666667,1.0972231,138,0,0.4,337,19,2.916669,0.16104,-0.238632,0.119316,-19.81,-132.65,21.21
08:39:22.4,46.2198646666667,6.08252016666667,1.0972231,138,0,0.4,337,19,2.916669,0.072468,-0.016836,0.188856,-34.37,-129.22,18.55
08:39:22.4,46.2198646666667,6.08252016666667,1.0972231,138,0,0.4,337,19,2.916669,-0.13542,0.33306,0.345504,-36.19,-120.4,20.37
08:39:22.4,46.2198646666667,6.08252016666667,1.0972231,138,0,0.4,337,19,2.916669,-0.443592,0.809592,0.61122,-17.5,-44.8,30.17
08:39:22.4,46.2198646666667,6.08252016666667,1.0972231,138,0,0.4,337,19,2.916669,-0.57462,1.253916,0.8784,1.12,39.83,41.44
08:39:22.4,46.2198646666667,6.08252016666667,1.0972231,138,0,0.4,337,19,2.916669,-0.524112,1.58112,1.05408,7.35,33.25,37.03
08:39:22.4,46.2198646666667,6.08252016666667,1.0972231,138,0,0.4,337,19,2.916669,-0.602436,1.7568,1.110444,24.36,-13.09,27.51
08:39:22.5,46.2198641666667,6.0825215,1.10833422,139,0,0.4,0,0,0.1111112,-0.806664,1.697508,1.130208,51.17,-24.29,31.99
08:39:22.5,46.2198641666667,6.0825215,1.10833422,139,0,0.4,0,0,0.1111112,-0.793488,1.488156,1.324188,57.05,-20.93,38.08
08:39:22.5,46.2198641666667,6.0825215,1.10833422,139,0,0.4,0,0,0.1111112,-0.595116,1.330776,1.502796,58.87,-20.02,37.8
08:39:22.5,46.2198641666667,6.0825215,1.10833422,139,0,0.4,0,0,0.1111112,-0.491904,1.272948,1.297104,60.9,-25.41,38.64
08:39:22.5,46.2198641666667,6.0825215,1.10833422,139,0,0.4,0,0,0.1111112,-0.390888,1.314672,1.14192,31.78,-53.27,32.2
08:39:22.5,46.2198641666667,6.0825215,1.10833422,139,0,0.4,0,0,0.1111112,-0.240096,1.42008,1.300764,1.19,-85.61,26.74
08:39:22.5,46.2198641666667,6.0825215,1.10833422,139,0,0.4,0,0,0.1111112,-0.184464,1.572336,1.348344,-13.23,-103.04,30.45
08:39:22.5,46.2198641666667,6.0825215,1.10833422,139,0,0.4,0,0,0.1111112,-0.255468,1.818288,1.250988,-23.03,-101.99,36.05
08:39:22.5,46.2198641666667,6.0825215,1.10833422,139,0,0.4,0,0,0.1111112,-0.390156,2.083272,1.22244,-35.56,-87.99,45.36
08:39:22.5,46.2198641666667,6.0825215,1.10833422,139,0,0.4,0,0,0.1111112,-0.579744,2.256024,1.256112,-38.29,-75.46,55.79
08:39:22.6,46.2198638333333,6.0825225,0.69722278,139,0,0.4,337,19,4.1111144,-0.771528,2.314584,1.241472,-30.17,-61.46,61.67
08:39:22.6,46.2198638333333,6.0825225,0.69722278,139,0,0.4,337,19,4.1111144,-0.898896,2.295552,1.175592,-23.38,-42.84,64.54
08:39:22.6,46.2198638333333,6.0825225,0.69722278,139,0,0.4,337,19,4.1111144,-0.950136,2.215032,1.087752,-15.26,-28,61.18
08:39:22.6,46.2198638333333,6.0825225,0.69722278,139,0,0.4,337,19,4.1111144,-0.913536,2.092056,0.98454,-8.68,-17.57,57.12
08:39:22.6,46.2198638333333,6.0825225,0.69722278,139,0,0.4,337,19,4.1111144,-0.829356,1.929552,0.8784,-1.05,-11.48,53.62
08:39:22.6,46.2198638333333,6.0825225,0.69722278,139,0,0.4,337,19,4.1111144,-0.741516,1.745088,0.792024,7.28,-5.39,48.44
08:39:22.6,46.2198638333333,6.0825225,0.69722278,139,0,0.4,337,19,4.1111144,-0.645624,1.527684,0.723216,18.41,0.28,40.74
08:39:22.6,46.2198638333333,6.0825225,0.69722278,139,0,0.4,337,19,4.1111144,-0.538752,1.282464,0.632448,30.87,1.96,30.17
08:39:22.6,46.2198638333333,6.0825225,0.69722278,139,0,0.4,337,19,4.1111144,-0.425292,1.040904,0.516792,44.1,6.3,22.12
08:39:22.6,46.2198638333333,6.0825225,0.69722278,139,0,0.4,337,19,4.1111144,-0.30012,0.7686,0.39162,52.08,8.82,17.5
08:39:22.7,46.2198635,6.08252383333333,0.99722302,139,0,0.4,337,19,3.0000024,-0.180072,0.4758,0.284016,54.32,9.87,14.42
08:39:22.7,46.2198635,6.08252383333333,0.99722302,139,0,0.4,337,19,3.0000024,-0.09516,0.221796,0.206424,54.18,21,14.98
08:39:22.7,46.2198635,6.08252383333333,0.99722302,139,0,0.4,337,19,3.0000024,-0.054168,-0.005856,0.15372,47.11,30.73,13.09
08:39:22.7,46.2198635,6.08252383333333,0.99722302,139,0,0.4,337,19,3.0000024,-0.038796,-0.23058,0.10614,31.57,25.76,7.28
08:39:22.7,46.2198635,6.08252383333333,0.99722302,139,0,0.4,337,19,3.0000024,-0.031476,-0.400404,0.074664,9.94,18.06,3.29
08:39:22.7,46.2198635,6.08252383333333,0.99722302,139,0,0.4,337,19,3.0000024,-0.026352,-0.463356,0.099552,-8.54,13.37,2.03
08:39:22.7,46.2198635,6.08252383333333,0.99722302,139,0,0.4,337,19,3.0000024,-0.020496,-0.405528,0.161772,-15.61,11.62,5.39
08:39:22.7,46.2198635,6.08252383333333,0.99722302,139,0,0.4,337,19,3.0000024,-0.038796,-0.22692,0.171288,-11.62,7.91,9.94
08:39:22.7,46.2198635,6.08252383333333,0.99722302,139,0,0.4,337,19,3.0000024,-0.067344,-0.031476,0.09882,-6.65,6.93,9.38
08:39:22.7,46.2198635,6.08252383333333,0.99722302,139,0,0.4,337,19,3.0000024,-0.065148,0.071736,0.026352,-7.28,12.74,7.77
08:39:22.8,46.2198633333333,6.0825255,1.38055666,139,0,0.4,337,19,3.8333364,-0.046848,0.094428,0.004392,-9.17,19.46,6.16
08:39:22.8,46.2198633333333,6.0825255,1.38055666,139,0,0.4,337,19,3.8333364,-0.00732,0.062952,0.008052,-7.56,24.71,4.48
08:39:22.8,46.2198633333333,6.0825255,1.38055666,139,0,0.4,337,19,3.8333364,0.051972,0,0.02562,-2.87,23.73,3.85
08:39:22.8,46.2198633333333,6.0825255,1.38055666,139,0,0.4,337,19,3.8333364,0.096624,-0.068808,0.040992,2.73,18.62,2.45
08:39:22.8,46.2198633333333,6.0825255,1.38055666,139,0,0.4,337,19,3.8333364,0.11346,-0.127368,0.035136,5.53,15.75,-0.42
08:39:22.8,46.2198633333333,6.0825255,1.38055666,139,0,0.4,337,19,3.8333364,0.105408,-0.166896,0.019032,4.62,18.34,-3.57
08:39:22.8,46.2198633333333,6.0825255,1.38055666,139,0,0.4,337,19,3.8333364,0.082716,-0.183,0.00366,0.63,24.57,-4.97
08:39:22.8,46.2198633333333,6.0825255,1.38055666,139,0,0.4,337,19,3.8333364,0.055632,-0.180072,-0.00366,-5.53,30.24,-4.83
08:39:22.8,46.2198633333333,6.0825255,1.38055666,139,0,0.4,337,19,3.8333364,0.030744,-0.159576,-0.002928,-11.83,33.46,-4.9
08:39:22.8,46.2198633333333,6.0825255,1.38055666,139,0,0.4,337,19,3.8333364,0.002196,-0.13176,-0.005124,-17.08,32.55,-7.28
08:39:22.9,46.2198633333333,6.08252766666667,1.57500126,139,0,0.4,0,0,1.944446,-0.030744,-0.108336,-0.013908,-20.79,29.61,-10.71
08:39:22.9,46.2198633333333,6.08252766666667,1.57500126,139,0,0.4,0,0,1.944446,-0.060024,-0.092232,-0.020496,-22.05,27.16,-13.09
08:39:22.9,46.2198633333333,6.08252766666667,1.57500126,139,0,0.4,0,0,1.944446,-0.071004,-0.07686,-0.023424,-20.79,26.67,-14.35
08:39:22.9,46.2198633333333,6.08252766666667,1.57500126,139,0,0.4,0,0,1.944446,-0.064416,-0.061488,-0.023424,-19.18,26.88,-14.7
08:39:22.9,46.2198633333333,6.08252766666667,1.57500126,139,0,0.4,0,0,1.944446,-0.052704,-0.049044,-0.02196,-17.85,27.09,-15.47
08:39:22.9,46.2198633333333,6.08252766666667,1.57500126,139,0,0.4,0,0,1.944446,-0.039528,-0.04758,-0.019032,-15.61,32.55,-16.8
08:39:22.9,46.2198633333333,6.08252766666667,1.57500126,139,0,0.4,0,0,1.944446,-0.019032,-0.0549,-0.005856,-12.46,42,-19.04
08:39:22.9,46.2198633333333,6.08252766666667,1.57500126,139,0,0.4,0,0,1.944446,0.006588,-0.04758,0.016836,-9.52,50.4,-22.68
08:39:22.9,46.2198633333333,6.08252766666667,1.57500126,139,0,0.4,0,0,1.944446,0.033672,-0.024156,0.08052,-6.09,57.61,-27.09
08:39:22.9,46.2198633333333,6.08252766666667,1.57500126,139,0,0.4,0,0,1.944446,0.061488,0.010248,0.302316,2.38,61.6,-33.32
08:39:23.0,46.2198633333333,6.08252933333333,1.33611218,139,0,0.4,337,19,2.3888908,0.0732,0.161772,1.008696,22.05,52.5,-44.38
08:39:23.0,46.2198633333333,6.08252933333333,1.33611218,139,0,0.4,337,19,2.3888908,0.11712,0.669048,1.865868,60.13,32.69,-57.26
08:39:23.0,46.2198633333333,6.08252933333333,1.33611218,139,0,0.4,337,19,2.3888908,0.335256,1.377624,1.319064,29.19,3.01,-56.14
08:39:23.0,46.2198633333333,6.08252933333333,1.33611218,139,0,0.4,337,19,2.3888908,0.844728,2.553948,0.8418,38.01,-15.68,-15.12
08:39:23.0,46.2198633333333,6.08252933333333,1.33611218,139,0,0.4,337,19,2.3888908,1.395924,3.648288,1.192428,183.19,-73.22,5.39
08:39:23.0,46.2198633333333,6.08252933333333,1.33611218,139,0,0.4,337,19,2.3888908,1.349076,2.608848,1.567212,141.4,-35.14,-0.14
08:39:23.0,46.2198633333333,6.08252933333333,1.33611218,139,0,0.4,337,19,2.3888908,0.827892,1.051152,2.094984,136.71,92.12,12.11
08:39:23.0,46.2198633333333,6.08252933333333,1.33611218,139,0,0.4,337,19,2.3888908,0.276696,0.7503,1.627236,194.32,76.44,29.89
08:39:23.0,46.2198633333333,6.08252933333333,1.33611218,139,0,0.4,337,19,2.3888908,-0.133956,0.568764,1.307352,122.92,64.82,19.46
08:39:23.0,46.2198633333333,6.08252933333333,1.33611218,139,0,0.4,337,19,2.3888908,-0.317688,0.264984,1.433256,125.02,44.94,7.84
08:39:23.1,46.2198631666667,6.082531,1.250001,139,0,0.4,337,19,0.861111800000001,-0.320616,0.19032,1.307352,82.88,6.44,-2.38
08:39:23.1,46.2198631666667,6.082531,1.250001,139,0,0.4,337,19,0.861111800000001,-0.137616,0.371856,1.300764,65.87,-26.88,-8.26
08:39:23.1,46.2198631666667,6.082531,1.250001,139,0,0.4,337,19,0.861111800000001,0.180804,0.587064,1.374696,68.88,-34.58,-9.38
08:39:23.1,46.2198631666667,6.082531,1.250001,139,0,0.4,337,19,0.861111800000001,0.52704,0.770064,1.440576,85.96,-31.5,-2.59
08:39:23.1,46.2198631666667,6.082531,1.250001,139,0,0.4,337,19,0.861111800000001,0.710772,0.795684,1.47864,102.06,-16.17,4.76
08:39:23.1,46.2198631666667,6.082531,1.250001,139,0,0.4,337,19,0.861111800000001,0.669048,0.587064,1.548912,118.58,0.42,11.13
08:39:23.1,46.2198631666667,6.082531,1.250001,139,0,0.4,337,19,0.861111800000001,0.480924,0.349164,1.525488,116.83,6.44,12.74
08:39:23.1,46.2198631666667,6.082531,1.250001,139,0,0.4,337,19,0.861111800000001,0.282552,0.202764,1.481568,100.24,6.58,11.41
08:39:23.1,46.2198631666667,6.082531,1.250001,139,0,0.4,337,19,0.861111800000001,0.13542,0.085644,1.442772,74.13,0.7,7.98
08:39:23.1,46.2198631666667,6.082531,1.250001,139,0,0.4,337,19,0.861111800000001,0.046848,0.071736,1.4274,49,-3.5,2.31
08:39:23.2,46.219863,6.08253266666667,1.1388898,139,0,0.4,337,19,1.111112,0.01098,0.136152,1.423008,31.92,-0.84,-3.15
08:39:23.2,46.219863,6.08253266666667,1.1388898,139,0,0.4,337,19,1.111112,0,0.177876,1.406904,20.79,7.21,-7.07
08:39:23.2,46.219863,6.08253266666667,1.1388898,139,0,0.4,337,19,1.111112,-0.002928,0.211548,1.439112,17.71,12.88,-7.91
08:39:23.2,46.219863,6.08253266666667,1.1388898,139,0,0.4,337,19,1.111112,0.017568,0.28548,1.462536,18.83,10.29,-7.35
08:39:23.2,46.219863,6.08253266666667,1.1388898,139,0,0.4,337,19,1.111112,0.06222,0.345504,1.436916,17.85,4.2,-5.46
08:39:23.2,46.219863,6.08253266666667,1.1388898,139,0,0.4,337,19,1.111112,0.103944,0.332328,1.406904,16.24,1.26,-3.08
08:39:23.2,46.219863,6.08253266666667,1.1388898,139,0,0.4,337,19,1.111112,0.13542,0.290604,1.40544,13.58,0.63,-0.98
08:39:23.2,46.219863,6.08253266666667,1.1388898,139,0,0.4,337,19,1.111112,0.152256,0.260592,1.389336,9.87,1.68,0.21
08:39:23.2,46.219863,6.08253266666667,1.1388898,139,0,0.4,337,19,1.111112,0.15372,0.246684,1.365912,3.99,5.39,0.42
08:39:23.2,46.219863,6.08253266666667,1.1388898,139,0,0.4,337,19,1.111112,0.152256,0.239364,1.352736,-2.45,7.42,-0.14
08:39:23.3,46.2198626666667,6.08253366666667,0.88611182,139,0,0.4,0,0,2.5277798,0.147864,0.238632,1.320528,-8.05,9.17,-0.77
08:39:23.3,46.2198626666667,6.08253366666667,0.88611182,139,0,0.4,0,0,2.5277798,0.141276,0.253272,1.29198,-12.04,11.83,-0.98
08:39:23.3,46.2198626666667,6.08253366666667,0.88611182,139,0,0.4,0,0,2.5277798,0.149328,0.27816,1.276608,-14.56,12.11,-0.35
08:39:23.3,46.2198626666667,6.08253366666667,0.88611182,139,0,0.4,0,0,2.5277798,0.170556,0.30378,1.257576,-15.61,11.27,0.7
08:39:23.3,46.2198626666667,6.08253366666667,0.88611182,139,0,0.4,0,0,2.5277798,0.196908,0.316224,1.245864,-16.87,10.43,1.26
08:39:23.3,46.2198626666667,6.08253366666667,0.88611182,139,0,0.4,0,0,2.5277798,0.22326,0.317688,1.240008,-18.06,9.38,1.54
08:39:23.3,46.2198626666667,6.08253366666667,0.88611182,139,0,0.4,0,0,2.5277798,0.2379,0.316956,1.216584,-18.97,9.1,1.68
08:39:23.3,46.2198626666667,6.08253366666667,0.88611182,139,0,0.4,0,0,2.5277798,0.236436,0.314028,1.18218,-21.21,9.59,1.96
08:39:23.3,46.2198626666667,6.08253366666667,0.88611182,139,0,0.4,0,0,2.5277798,0.2196,0.305976,1.157292,-22.96,10.15,2.03
08:39:23.3,46.2198626666667,6.08253366666667,0.88611182,139,0,0.4,0,0,2.5277798,0.191052,0.292068,1.131672,-24.43,12.53,1.75
08:39:23.4,46.2198626666667,6.082534,0.3888892,139,0,0.4,337,19,4.9722262,0.165432,0.279624,1.11996,-25.9,15.4,0.98
08:39:23.4,46.2198626666667,6.082534,0.3888892,139,0,0.4,337,19,4.9722262,0.155184,0.275232,1.125816,-27.37,16.31,-0.42
08:39:23.4,46.2198626666667,6.082534,0.3888892,139,0,0.4,337,19,4.9722262,0.160308,0.28548,1.129476,-29.33,15.68,-2.52
08:39:23.4,46.2198626666667,6.082534,0.3888892,139,0,0.4,337,19,4.9722262,0.17934,0.308904,1.113372,-31.43,14.56,-4.76
08:39:23.4,46.2198626666667,6.082534,0.3888892,139,0,0.4,337,19,4.9722262,0.205692,0.3294,1.095072,-33.25,13.65,-6.44
08:39:23.4,46.2198626666667,6.082534,0.3888892,139,0,0.4,337,19,4.9722262,0.233508,0.333792,1.087752,-34.23,11.2,-7.77
08:39:23.4,46.2198626666667,6.082534,0.3888892,139,0,0.4,337,19,4.9722262,0.253272,0.330864,1.062864,-35.21,9.59,-8.68
08:39:23.4,46.2198626666667,6.082534,0.3888892,139,0,0.4,337,19,4.9722262,0.251808,0.328668,1.043832,-36.12,11.34,-8.89
08:39:23.4,46.2198626666667,6.082534,0.3888892,139,0,0.4,337,19,4.9722262,0.240096,0.321348,1.05042,-36.96,11.62,-9.24
08:39:23.4,46.2198626666667,6.082534,0.3888892,139,0,0.4,337,19,4.9722262,0.236436,0.322812,1.0614,-38.36,10.15,-10.5
08:39:23.5,46.2198628333333,6.082534,0,139,0,0.4,337,19,3.888892,0.240096,0.344772,1.067256,-40.6,7.91,-12.39
08:39:23.5,46.2198628333333,6.082534,0,139,0,0.4,337,19,3.888892,0.245952,0.359412,1.059204,-42.63,7.21,-14.42
08:39:23.5,46.2198628333333,6.082534,0,139,0,0.4,337,19,3.888892,0.243024,0.357216,1.059936,-45.99,7.35,-16.66
08:39:23.5,46.2198628333333,6.082534,0,139,0,0.4,337,19,3.888892,0.229848,0.346968,1.077504,-49.07,7.21,-18.69
08:39:23.5,46.2198628333333,6.082534,0,139,0,0.4,337,19,3.888892,0.222528,0.343308,1.086288,-51.17,6.23,-20.86
08:39:23.5,46.2198628333333,6.082534,0,139,0,0.4,337,19,3.888892,0.229848,0.361608,1.073844,-53.55,3.78,-22.82
08:39:23.5,46.2198628333333,6.082534,0,139,0,0.4,337,19,3.888892,0.233508,0.388692,1.037976,-54.95,1.89,-24.01
08:39:23.5,46.2198628333333,6.082534,0,139,0,0.4,337,19,3.888892,0.229116,0.410652,1.020408,-55.23,3.08,-24.99
08:39:23.5,46.2198628333333,6.082534,0,139,0,0.4,337,19,3.888892,0.225456,0.426024,1.02846,-53.62,4.41,-26.11
08:39:23.5,46.2198628333333,6.082534,0,139,0,0.4,337,19,3.888892,0.23058,0.447252,1.032852,-52.08,3.78,-27.72
08:39:23.6,46.219863,6.08253366666667,0,139,0,0.4,337,19,0,0.248148,0.478728,1.027728,-52.85,2.1,-29.47
08:39:23.6,46.219863,6.08253366666667,0,139,0,0.4,337,19,0,0.26352,0.514596,1.01748,-54.25,0.56,-30.87
08:39:23.6,46.219863,6.08253366666667,0,139,0,0.4,337,19,0,0.275232,0.55998,1.020408,-54.04,-1.05,-31.5
08:39:23.6,46.219863,6.08253366666667,0,139,0,0.4,337,19,0,0.289872,0.616344,1.030656,-54.32,-3.5,-31.57
08:39:23.6,46.219863,6.08253366666667,0,139,0,0.4,337,19,0,0.295728,0.683688,1.026996,-54.67,-2.94,-30.87
08:39:23.6,46.219863,6.08253366666667,0,139,0,0.4,337,19,0,0.299388,0.755424,1.033584,-52.43,-0.35,-29.68
08:39:23.6,46.219863,6.08253366666667,0,139,0,0.4,337,19,0,0.31476,0.81252,1.075308,-48.37,-0.91,-28.14
08:39:23.6,46.219863,6.08253366666667,0,139,0,0.4,337,19,0,0.327936,0.863028,1.118496,-43.54,-5.81,-25.69
08:39:23.6,46.219863,6.08253366666667,0,139,0,0.4,337,19,0,0.344772,0.91866,1.147776,-36.26,-12.6,-21.35
08:39:23.6,46.219863,6.08253366666667,0,139,0,0.4,337,19,0,0.3843,0.966972,1.169736,-27.58,-22.05,-15.4
08:39:23.7,46.2198631666667,6.08253266666667,0.58055602,139,0,0.4,337,19,5.8055602,0.417972,0.97722,1.173396,-19.25,-30.87,-8.26
08:39:23.7,46.2198631666667,6.08253266666667,0.58055602,139,0,0.4,337,19,5.8055602,0.43554,0.93696,1.151436,-11.55,-40.74,-1.05
08:39:23.7,46.2198631666667,6.08253266666667,0.58055602,139,0,0.4,337,19,5.8055602,0.452376,0.853512,1.106052,-3.5,-51.73,6.02
08:39:23.7,46.2198631666667,6.08253266666667,0.58055602,139,0,0.4,337,19,5.8055602,0.467748,0.749568,1.041636,2.17,-64.33,12.46
08:39:23.7,46.2198631666667,6.08253266666667,0.58055602,139,0,0.4,337,19,5.8055602,0.462624,0.637572,0.942084,6.86,-75.88,19.6
08:39:23.7,46.2198631666667,6.08253266666667,0.58055602,139,0,0.4,337,19,5.8055602,0.438468,0.525576,0.813252,9.38,-83.65,26.88
08:39:23.7,46.2198631666667,6.08253266666667,0.58055602,139,0,0.4,337,19,5.8055602,0.382836,0.415044,0.670512,10.71,-88.9,33.46
08:39:23.7,46.2198631666667,6.08253266666667,0.58055602,139,0,0.4,337,19,5.8055602,0.264984,0.333792,0.515328,10.99,-85.12,38.99
08:39:23.7,46.2198631666667,6.08253266666667,0.58055602,139,0,0.4,337,19,5.8055602,0.140544,0.30378,0.398208,9.24,-74.83,40.25
08:39:23.7,46.2198631666667,6.08253266666667,0.58055602,139,0,0.4,337,19,5.8055602,0.06222,0.243024,0.332328,4.27,-71.68,37.73
08:39:23.8,46.2198635,6.08253133333333,0.91388962,140,0,0.4,0,0,3.333336,0.0183,0.105408,0.28182,0.42,-74.13,38.29
08:39:23.8,46.2198635,6.08253133333333,0.91388962,140,0,0.4,0,0,3.333336,-0.019764,-0.071736,0.21594,-4.06,-75.88,41.3
08:39:23.8,46.2198635,6.08253133333333,0.91388962,140,0,0.4,0,0,3.333336,-0.066612,-0.257664,0.152988,-14.77,-73.99,40.39
08:39:23.8,46.2198635,6.08253133333333,0.91388962,140,0,0.4,0,0,3.333336,-0.115656,-0.416508,0.148596,-31.22,-67.41,34.58
08:39:23.8,46.2198635,6.08253133333333,0.91388962,140,0,0.4,0,0,3.333336,-0.159576,-0.525576,0.221064,-42.7,-58.45,29.33
08:39:23.8,46.2198635,6.08253133333333,0.91388962,140,0,0.4,0,0,3.333336,-0.20862,-0.588528,0.308904,-45.29,-53.83,27.37
08:39:23.8,46.2198635,6.08253133333333,0.91388962,140,0,0.4,0,0,3.333336,-0.21594,-0.584136,0.365268,-46.83,-61.81,26.67
08:39:23.8,46.2198635,6.08253133333333,0.91388962,140,0,0.4,0,0,3.333336,-0.17568,-0.491172,0.447984,-51.24,-85.54,33.32
08:39:23.8,46.2198635,6.08253133333333,0.91388962,140,0,0.4,0,0,3.333336,-0.09882,-0.28548,0.566568,-54.88,-101.71,44.17
08:39:23.8,46.2198635,6.08253133333333,0.91388962,140,0,0.4,0,0,3.333336,0.01464,0.056364,0.632448,-63.49,-116.2,52.78
08:39:23.9,46.2198635,6.08252983333333,1.06111196,140,0,0.4,337,19,1.4722234,-0.019764,0.508008,0.597312,-78.05,-134.33,56.91
08:39:23.9,46.2198635,6.08252983333333,1.06111196,140,0,0.4,337,19,1.4722234,-0.236436,1.018944,0.580476,-82.53,-100.38,54.32
08:39:23.9,46.2198635,6.08252983333333,1.06111196,140,0,0.4,337,19,1.4722234,-0.404064,1.458144,0.686616,-68.32,-47.6,47.6
08:39:23.9,46.2198635,6.08252983333333,1.06111196,140,0,0.4,337,19,1.4722234,-0.50508,1.648464,0.800076,-45.43,-36.33,39.06
08:39:23.9,46.2198635,6.08252983333333,1.06111196,140,0,0.4,337,19,1.4722234,-0.572424,1.596492,0.854976,-19.32,-20.44,35.91
08:39:23.9,46.2198635,6.08252983333333,1.06111196,140,0,0.4,337,19,1.4722234,-0.638304,1.603812,0.906216,-29.4,0.77,30.1
08:39:23.9,46.2198635,6.08252983333333,1.06111196,140,0,0.4,337,19,1.4722234,-0.8052,1.748016,1.148508,-57.96,17.92,16.03
08:39:23.9,46.2198635,6.08252983333333,1.06111196,140,0,0.4,337,19,1.4722234,-0.908412,1.74948,1.304424,-30.1,22.68,3.36
08:39:23.9,46.2198635,6.08252983333333,1.06111196,140,0,0.4,337,19,1.4722234,-0.864492,1.656516,1.232688,-15.33,25.41,-5.11
08:39:23.9,46.2198635,6.08252983333333,1.06111196,140,0,0.4,337,19,1.4722234,-0.764208,1.557696,1.184376,-17.43,38.5,-14.56
08:39:24.0,46.2198636666667,6.082528,1.36944554,140,0,0.4,337,19,3.0833358,-0.660996,1.472784,1.125084,-20.93,53.69,-20.79
08:39:24.0,46.2198636666667,6.082528,1.36944554,140,0,0.4,337,19,3.0833358,-0.549,1.4274,1.049688,-23.45,65.24,-25.41
08:39:24.0,46.2198636666667,6.082528,1.36944554,140,0,0.4,337,19,3.0833358,-0.445788,1.352004,0.9516,-25.13,72.66,-28.63
08:39:24.0,46.2198636666667,6.082528,1.36944554,140,0,0.4,337,19,3.0833358,-0.390888,1.236348,0.829356,-20.3,80.85,-34.65
08:39:24.0,46.2198636666667,6.082528,1.36944554,140,0,0.4,337,19,3.0833358,-0.342576,1.09434,0.6954,-15.19,84.42,-41.79
08:39:24.0,46.2198636666667,6.082528,1.36944554,140,0,0.4,337,19,3.0833358,-0.28914,0.934032,0.573888,-7.35,85.75,-50.68
08:39:24.0,46.2198636666667,6.082528,1.36944554,140,0,0.4,337,19,3.0833358,-0.207888,0.745176,0.43188,3.15,83.16,-57.68
08:39:24.0,46.2198636666667,6.082528,1.36944554,140,0,0.4,337,19,3.0833358,-0.108336,0.577548,0.289872,8.4,76.16,-60.76
08:39:24.0,46.2198636666667,6.082528,1.36944554,140,0,0.4,337,19,3.0833358,-0.002928,0.434076,0.20496,14.07,69.86,-62.86
08:39:24.0,46.2198636666667,6.082528,1.36944554,140,0,0.4,337,19,3.0833358,0.100284,0.282552,0.154452,23.24,71.82,-62.3
08:39:24.1,46.2198641666667,6.08252616666667,1.49444564,140,0,0.4,337,19,1.250001,0.162504,0.148596,0.079056,29.68,72.94,-60.9
08:39:24.1,46.2198641666667,6.08252616666667,1.49444564,140,0,0.4,337,19,1.250001,0.187392,0.0366,-0.062952,25.69,72.1,-62.02
08:39:24.1,46.2198641666667,6.08252616666667,1.49444564,140,0,0.4,337,19,1.250001,0.221064,-0.10614,-0.17934,7.98,77.07,-60.2
08:39:24.1,46.2198641666667,6.08252616666667,1.49444564,140,0,0.4,337,19,1.250001,0.256932,-0.297192,-0.17934,-14.98,77.28,-51.8
08:39:24.1,46.2198641666667,6.08252616666667,1.49444564,140,0,0.4,337,19,1.250001,0.25986,-0.463356,-0.075396,-35.91,65.87,-43.33
08:39:24.1,46.2198641666667,6.08252616666667,1.49444564,140,0,0.4,337,19,1.250001,0.223992,-0.525576,0.13176,-49.98,37.38,-41.16
08:39:24.1,46.2198641666667,6.08252616666667,1.49444564,140,0,0.4,337,19,1.250001,0.177876,-0.456036,0.390888,-46.69,-3.36,-43.19
08:39:24.1,46.2198641666667,6.08252616666667,1.49444564,140,0,0.4,337,19,1.250001,0.114192,-0.303048,0.521916,-21.28,-34.09,-41.16
08:39:24.1,46.2198641666667,6.08252616666667,1.49444564,140,0,0.4,337,19,1.250001,0.0366,-0.156648,0.498492,-0.7,-24.99,-39.13
08:39:24.1,46.2198641666667,6.08252616666667,1.49444564,140,0,0.4,337,19,1.250001,-0.001464,0.040992,0.49044,-2.24,21.84,-38.43
08:39:24.2,46.219865,6.082525,1.28333436,140,0,0.4,0,0,2.1111128,0.04758,0.405528,0.555588,-24.99,63.84,-37.1
08:39:24.2,46.219865,6.082525,1.28333436,140,0,0.4,0,0,2.1111128,0.155184,0.963312,0.624396,-43.4,52.85,-38.43
08:39:24.2,46.219865,6.082525,1.28333436,140,0,0.4,0,0,2.1111128,0.23424,1.59942,0.71736,-27.93,29.96,-35.56
08:39:24.2,46.219865,6.082525,1.28333436,140,0,0.4,0,0,2.1111128,0.26718,2.062044,0.772992,-19.11,12.11,-29.61
08:39:24.2,46.219865,6.082525,1.28333436,140,0,0.4,0,0,2.1111128,0.337452,2.18868,0.844728,-22.12,7.84,-25.2
08:39:24.2,46.219865,6.082525,1.28333436,140,0,0.4,0,0,2.1111128,0.399672,2.052528,0.961848,-3.78,-8.47,-11.27
08:39:24.2,46.219865,6.082525,1.28333436,140,0,0.4,0,0,2.1111128,0.393084,1.922964,1.016016,13.3,-21,4.06
08:39:24.2,46.219865,6.082525,1.28333436,140,0,0.4,0,0,2.1111128,0.33672,1.890756,0.985272,24.22,-17.15,15.05
08:39:24.2,46.219865,6.082525,1.28333436,140,0,0.4,0,0,2.1111128,0.19764,1.869528,0.964044,22.12,-12.6,20.93
08:39:24.2,46.219865,6.082525,1.28333436,140,0,0.4,0,0,2.1111128,0.048312,1.874652,1.016016,19.88,-11.97,23.66
08:39:24.3,46.2198658333333,6.08252333333333,1.4722234,140,0,0.4,337,19,1.8888904,-0.016104,1.901736,1.042368,21.91,-24.08,21.14
08:39:24.3,46.2198658333333,6.08252333333333,1.4722234,140,0,0.4,337,19,1.8888904,0.016104,1.851228,0.999912,30.8,-39.76,18.69
08:39:24.3,46.2198658333333,6.08252333333333,1.4722234,140,0,0.4,337,19,1.8888904,0.099552,1.704096,0.941352,35.14,-54.81,16.8
08:39:24.3,46.2198658333333,6.08252333333333,1.4722234,140,0,0.4,337,19,1.8888904,0.191052,1.543788,0.908412,38.29,-72.38,15.96
08:39:24.3,46.2198658333333,6.08252333333333,1.4722234,140,0,0.4,337,19,1.8888904,0.265716,1.371768,0.824964,40.32,-85.4,16.45
08:39:24.3,46.2198658333333,6.08252333333333,1.4722234,140,0,0.4,337,19,1.8888904,0.324276,1.177056,0.689544,41.09,-90.02,19.25
08:39:24.3,46.2198658333333,6.08252333333333,1.4722234,140,0,0.4,337,19,1.8888904,0.335256,0.99552,0.56364,43.75,-89.04,23.8
08:39:24.3,46.2198658333333,6.08252333333333,1.4722234,140,0,0.4,337,19,1.8888904,0.272304,0.83448,0.46116,51.45,-82.46,29.82
08:39:24.3,46.2198658333333,6.08252333333333,1.4722234,140,0,0.4,337,19,1.8888904,0.162504,0.6771,0.35136,58.94,-66.22,35.56
08:39:24.3,46.2198658333333,6.08252333333333,1.4722234,140,0,0.4,337,19,1.8888904,0.042456,0.52704,0.242292,60.48,-46.55,38.99
08:39:24.4,46.2198663333333,6.08252133333333,1.66389022,140,0,0.4,337,19,1.9166682,-0.056364,0.348432,0.172752,62.02,-32.06,33.6
08:39:24.4,46.2198663333333,6.08252133333333,1.66389022,140,0,0.4,337,19,1.9166682,-0.15006,0.095892,0.15738,62.23,-25.55,19.67
08:39:24.4,46.2198663333333,6.08252133333333,1.66389022,140,0,0.4,337,19,1.9166682,-0.22692,-0.193248,0.174948,56.35,-18.06,3.08
08:39:24.4,46.2198663333333,6.08252133333333,1.66389022,140,0,0.4,337,19,1.9166682,-0.245952,-0.450912,0.187392,44.31,-11.27,-6.51
08:39:24.4,46.2198663333333,6.08252133333333,1.66389022,140,0,0.4,337,19,1.9166682,-0.240096,-0.650748,0.188856,26.74,-11.06,-11.76
08:39:24.4,46.2198663333333,6.08252133333333,1.66389022,140,0,0.4,337,19,1.9166682,-0.229116,-0.811056,0.205692,5.74,-20.09,-13.93
08:39:24.4,46.2198663333333,6.08252133333333,1.66389022,140,0,0.4,337,19,1.9166682,-0.22692,-0.893772,0.244488,-15.19,-25.97,-13.23
08:39:24.4,46.2198663333333,6.08252133333333,1.66389022,140,0,0.4,337,19,1.9166682,-0.196908,-0.819108,0.2928,-27.37,-31.71,-8.82
08:39:24.4,46.2198663333333,6.08252133333333,1.66389022,140,0,0.4,337,19,1.9166682,-0.1464,-0.542412,0.313296,-27.02,-45.01,4.48
08:39:24.4,46.2198663333333,6.08252133333333,1.66389022,140,0,0.4,337,19,1.9166682,-0.140544,-0.187392,0.330864,-19.88,-41.16,18.27
08:39:24.5,46.2198663333333,6.08252,1.1527787,140,0,0.4,337,19,5.1111152,-0.202032,0.118584,0.438468,-12.25,-19.81,25.27
08:39:24.5,46.2198663333333,6.08252,1.1527787,140,0,0.4,337,19,5.1111152,-0.321348,0.4392,0.636108,-6.58,1.05,26.46
08:39:24.5,46.2198663333333,6.08252,1.1527787,140,0,0.4,337,19,5.1111152,-0.486048,0.85644,0.820572,-7.21,6.72,22.82
08:39:24.5,46.2198663333333,6.08252,1.1527787,140,0,0.4,337,19,5.1111152,-0.682956,1.360056,0.915,-12.95,-8.75,13.23
08:39:24.5,46.2198663333333,6.08252,1.1527787,140,0,0.4,337,19,5.1111152,-0.824232,1.797792,0.906216,-7.77,-7,4.55
08:39:24.5,46.2198663333333,6.08252,1.1527787,140,0,0.4,337,19,5.1111152,-0.843264,1.926624,0.805932,11.41,8.05,-3.5
08:39:24.5,46.2198663333333,6.08252,1.1527787,140,0,0.4,337,19,5.1111152,-0.767136,1.762656,1.01748,-0.42,40.18,-0.63
08:39:24.5,46.2198663333333,6.08252,1.1527787,140,0,0.4,337,19,5.1111152,-0.69906,1.74216,1.403976,-21.7,37.45,-14.49
08:39:24.5,46.2198663333333,6.08252,1.1527787,140,0,0.4,337,19,5.1111152,-0.677832,1.8666,1.477176,-0.84,44.17,-29.12
08:39:24.5,46.2198663333333,6.08252,1.1527787,140,0,0.4,337,19,5.1111152,-0.654408,1.813896,1.404708,27.16,62.51,-30.38
08:39:24.6,46.2198665,6.08251816666667,1.38889,139,0,0.4,0,0,2.361113,-0.614148,1.667496,1.316136,25.27,67.34,-33.6
08:39:24.6,46.2198665,6.08251816666667,1.38889,139,0,0.4,0,0,2.361113,-0.57096,1.519632,1.182912,15.75,71.19,-35.7
08:39:24.6,46.2198665,6.08251816666667,1.38889,139,0,0.4,0,0,2.361113,-0.489708,1.43106,1.055544,-1.19,74.9,-36.75
08:39:24.6,46.2198665,6.08251816666667,1.38889,139,0,0.4,0,0,2.361113,-0.39528,1.41642,0.954528,-14.21,77.35,-39.69
08:39:24.6,46.2198665,6.08251816666667,1.38889,139,0,0.4,0,0,2.361113,-0.356484,1.380552,0.821304,-20.37,85.75,-42.42
08:39:24.6,46.2198665,6.08251816666667,1.38889,139,0,0.4,0,0,2.361113,-0.363072,1.308816,0.689544,-19.88,94.85,-46.41
08:39:24.6,46.2198665,6.08251816666667,1.38889,139,0,0.4,0,0,2.361113,-0.392352,1.201212,0.568032,-12.39,102.83,-51.66
08:39:24.6,46.2198665,6.08251816666667,1.38889,139,0,0.4,0,0,2.361113,-0.412116,1.059204,0.452376,0.14,111.3,-57.26
08:39:24.6,46.2198665,6.08251816666667,1.38889,139,0,0.4,0,0,2.361113,-0.403332,0.910608,0.35136,14.35,120.54,-63.14
08:39:24.6,46.2198665,6.08251816666667,1.38889,139,0,0.4,0,0,2.361113,-0.374784,0.756888,0.272304,27.72,128.73,-68.6
08:39:24.7,46.2198671666667,6.082516,1.78333476,139,0,0.4,337,19,3.9444476,-0.339648,0.579744,0.215208,38.71,134.12,-73.22
08:39:24.7,46.2198671666667,6.082516,1.78333476,139,0,0.4,337,19,3.9444476,-0.262056,0.35136,0.147864,45.43,135.52,-75.74
08:39:24.7,46.2198671666667,6.082516,1.78333476,139,0,0.4,337,19,3.9444476,-0.143472,0.090036,0.061488,42.77,137.13,-70.7
08:39:24.7,46.2198671666667,6.082516,1.78333476,139,0,0.4,337,19,3.9444476,-0.016836,-0.152988,-0.002196,27.23,134.26,-63.14
08:39:24.7,46.2198671666667,6.082516,1.78333476,139,0,0.4,337,19,3.9444476,0.158112,-0.398208,0.035136,4.48,119.21,-52.08
08:39:24.7,46.2198671666667,6.082516,1.78333476,139,0,0.4,337,19,3.9444476,0.450912,-0.696864,0.393816,-3.43,75.11,-27.93
08:39:24.7,46.2198671666667,6.082516,1.78333476,139,0,0.4,337,19,3.9444476,0.570228,-0.874008,0.579744,31.78,-13.93,1.89
08:39:24.7,46.2198671666667,6.082516,1.78333476,139,0,0.4,337,19,3.9444476,0.434808,-0.81252,0.094428,36.33,-34.09,-5.32
08:39:24.7,46.2198671666667,6.082516,1.78333476,139,0,0.4,337,19,3.9444476,0.406992,-0.625128,-0.247416,-6.65,54.25,-22.26
08:39:24.7,46.2198671666667,6.082516,1.78333476,139,0,0.4,337,19,3.9444476,0.400404,-0.418704,-0.093696,-36.75,125.09,-28
08:39:24.9,46.2198683333333,6.082514,1.03611194,139,0,0.4,337,19,0,0.26352,-0.289872,0.060024,-50.82,132.72,-34.86
08:39:24.9,46.2198683333333,6.082514,1.03611194,139,0,0.4,337,19,0,0.128832,-0.196176,0.174216,-56.77,121.1,-42.42
08:39:24.9,46.2198683333333,6.082514,1.03611194,139,0,0.4,337,19,0,0.040992,-0.033672,0.342576,-47.95,94.92,-47.95
08:39:24.9,46.2198683333333,6.082514,1.03611194,139,0,0.4,337,19,0,-0.013176,0.251808,0.440664,-32.06,62.86,-52.36
08:39:24.9,46.2198683333333,6.082514,1.03611194,139,0,0.4,337,19,0,-0.013176,0.692472,0.491172,-24.99,40.46,-51.45
08:39:24.9,46.2198683333333,6.082514,1.03611194,139,0,0.4,337,19,0,0.071736,1.236348,0.572424,-30.17,21.84,-45.15
08:39:24.9,46.2198683333333,6.082514,1.03611194,139,0,0.4,337,19,0,0.216672,1.731912,0.616344,-35.42,12.6,-33.67
08:39:24.9,46.2198683333333,6.082514,1.03611194,139,0,0.4,337,19,0,0.330864,2.039352,0.64416,-21,28.63,-17.85
08:39:24.9,46.2198683333333,6.082514,1.03611194,139,0,0.4,337,19,0,0.360144,2.1594,0.660996,2.31,31.5,-10.43
08:39:24.9,46.2198683333333,6.082514,1.03611194,139,0,0.4,337,19,0,0.26718,2.19234,0.661728,10.85,26.6,-3.43
08:39:25.0,46.2198693333333,6.082512,1.8888904,139,0,0.4,337,19,0,0.204228,2.280912,1.07604,-11.48,16.1,-4.34
08:39:25.0,46.2198693333333,6.082512,1.8888904,139,0,0.4,337,19,0,0.221796,2.396568,1.52988,20.3,29.26,-3.08
08:39:25.0,46.2198693333333,6.082512,1.8888904,139,0,0.4,337,19,0,0.379176,2.381928,1.55184,50.4,28.56,-11.83
08:39:25.0,46.2198693333333,6.082512,1.8888904,139,0,0.4,337,19,0,0.66246,2.23992,1.548912,34.02,-10.5,-16.94
08:39:25.0,46.2198693333333,6.082512,1.8888904,139,0,0.4,337,19,0,0.816912,2.18502,1.557696,19.95,-39.34,-27.16
08:39:25.0,46.2198693333333,6.082512,1.8888904,139,0,0.4,337,19,0,0.840336,2.289696,1.518168,14.7,-63.84,-39.13
08:39:25.0,46.2198693333333,6.082512,1.8888904,139,0,0.4,337,19,0,0.770796,2.379732,1.45668,16.52,-78.54,-40.18
08:39:25.0,46.2198693333333,6.082512,1.8888904,139,0,0.4,337,19,0,0.60024,2.31312,1.292712,21,-79.17,-32.27
08:39:25.0,46.2198693333333,6.082512,1.8888904,139,0,0.4,337,19,0,0.371856,2.092056,1.117764,26.95,-70.49,-25.41
08:39:25.0,46.2198693333333,6.082512,1.8888904,139,0,0.4,337,19,0,0.181536,1.809504,0.975024,35.84,-60.2,-21.28
08:39:25.1,46.2198693333333,6.08251066666667,1.05277862,139,0,0.4,337,19,0,0.046848,1.492548,0.809592,47.04,-47.46,-18.69
08:39:25.1,46.2198693333333,6.08251066666667,1.05277862,139,0,0.4,337,19,0,-0.024888,1.231956,0.676368,59.57,-37.8,-16.45
08:39:25.1,46.2198693333333,6.08251066666667,1.05277862,139,0,0.4,337,19,0,-0.005124,1.057008,0.557784,76.44,-31.08,-10.78
08:39:25.1,46.2198693333333,6.08251066666667,1.05277862,139,0,0.4,337,19,0,0.0183,0.829356,0.426024,93.38,-25.06,-2.17
08:39:25.1,46.2198693333333,6.08251066666667,1.05277862,139,0,0.4,337,19,0,0.045384,0.538752,0.312564,108.22,-24.43,5.18
08:39:25.1,46.2198693333333,6.08251066666667,1.05277862,139,0,0.4,337,19,0,0.08052,0.284748,0.203496,122.01,-26.39,16.03
08:39:25.1,46.2198693333333,6.08251066666667,1.05277862,139,0,0.4,337,19,0,0.060024,0.048312,0.08784,126.35,-25.62,25.69
08:39:25.1,46.2198693333333,6.08251066666667,1.05277862,139,0,0.4,337,19,0,0.017568,-0.213744,0.004392,114.24,-27.65,30.31
08:39:25.1,46.2198693333333,6.08251066666667,1.05277862,139,0,0.4,337,19,0,-0.02196,-0.451644,-0.054168,84.84,-31.57,31.36
08:39:25.1,46.2198693333333,6.08251066666667,1.05277862,139,0,0.4,337,19,0,-0.044652,-0.620736,-0.071736,47.11,-28.84,31.29
08:39:25.2,46.2198686666667,6.08250933333333,1.14722314,140,0,0.4,0,0,0.944445199999999,-0.049776,-0.729072,-0.013176,14.7,-22.82,31.15
08:39:25.2,46.2198686666667,6.08250933333333,1.14722314,140,0,0.4,0,0,0.944445199999999,-0.040992,-0.76494,0.134688,-3.22,-20.93,28
08:39:25.2,46.2198686666667,6.08250933333333,1.14722314,140,0,0.4,0,0,0.944445199999999,-0.019032,-0.693204,0.276696,-0.35,-22.96,25.9
08:39:25.2,46.2198686666667,6.08250933333333,1.14722314,140,0,0.4,0,0,0.944445199999999,-0.004392,-0.4941,0.279624,13.72,-26.81,21.77
08:39:25.2,46.2198686666667,6.08250933333333,1.14722314,140,0,0.4,0,0,0.944445199999999,-0.011712,-0.268644,0.191784,20.58,-31.15,15.26
08:39:25.2,46.2198686666667,6.08250933333333,1.14722314,140,0,0.4,0,0,0.944445199999999,-0.054168,-0.13542,0.09516,21.91,-32.62,11.2
08:39:25.2,46.2198686666667,6.08250933333333,1.14722314,140,0,0.4,0,0,0.944445199999999,-0.083448,-0.103944,0.008784,20.02,-31.92,8.89
08:39:25.2,46.2198686666667,6.08250933333333,1.14722314,140,0,0.4,0,0,0.944445199999999,-0.06588,-0.15006,-0.054168,13.51,-36.19,6.86
08:39:25.2,46.2198686666667,6.08250933333333,1.14722314,140,0,0.4,0,0,0.944445199999999,-0.024888,-0.199836,-0.096624,5.6,-37.24,5.11
08:39:25.2,46.2198686666667,6.08250933333333,1.14722314,140,0,0.4,0,0,0.944445199999999,0.013176,-0.196176,-0.111996,-1.05,-32.41,2.31
08:39:25.3,46.2198688333333,6.08250766666667,1.29722326,140,0,0.4,337,19,1.5000012,0.042456,-0.145668,-0.103944,-5.32,-28.21,0.7
08:39:25.3,46.2198688333333,6.08250766666667,1.29722326,140,0,0.4,337,19,1.5000012,0.060024,-0.071004,-0.078324,-5.81,-27.23,1.4
08:39:25.3,46.2198688333333,6.08250766666667,1.29722326,140,0,0.4,337,19,1.5000012,0.052704,0.001464,-0.054168,-1.96,-30.52,2.38
08:39:25.3,46.2198688333333,6.08250766666667,1.29722326,140,0,0.4,337,19,1.5000012,0.034404,0.043188,-0.051972,3.99,-35.84,1.33
08:39:25.3,46.2198688333333,6.08250766666667,1.29722326,140,0,0.4,337,19,1.5000012,0.006588,0.06588,-0.06588,7.77,-41.93,-0.91
08:39:25.3,46.2198688333333,6.08250766666667,1.29722326,140,0,0.4,337,19,1.5000012,-0.040992,0.087108,-0.083448,8.4,-44.45,-5.74
08:39:25.3,46.2198688333333,6.08250766666667,1.29722326,140,0,0.4,337,19,1.5000012,-0.093696,0.098088,-0.092232,8.12,-41.44,-10.92
08:39:25.3,46.2198688333333,6.08250766666667,1.29722326,140,0,0.4,337,19,1.5000012,-0.143472,0.101016,-0.088572,7.91,-36.12,-14.63
08:39:25.3,46.2198688333333,6.08250766666667,1.29722326,140,0,0.4,337,19,1.5000012,-0.171288,0.09516,-0.072468,9.31,-28.84,-16.94
08:39:25.3,46.2198688333333,6.08250766666667,1.29722326,140,0,0.4,337,19,1.5000012,-0.169824,0.071004,-0.045384,11.2,-22.05,-17.78
08:39:25.4,46.219869,6.082506,1.44166782,140,0,0.4,337,19,1.4444456,-0.158112,0.041724,-0.001464,13.65,-14.28,-16.66
08:39:25.4,46.219869,6.082506,1.44166782,140,0,0.4,337,19,1.4444456,-0.15372,0.032208,0.086376,17.15,-3.99,-14.49
08:39:25.4,46.219869,6.082506,1.44166782,140,0,0.4,337,19,1.4444456,-0.229848,0.118584,0.33672,26.46,12.6,-12.67
08:39:25.4,46.219869,6.082506,1.44166782,140,0,0.4,337,19,1.4444456,-0.509472,0.507276,1.09068,76.3,106.47,-8.4
08:39:25.4,46.219869,6.082506,1.44166782,140,0,0.4,337,19,1.4444456,-0.671976,1.109712,1.96542,148.47,235.97,1.54
08:39:25.4,46.219869,6.082506,1.44166782,140,0,0.4,337,19,1.4444456,-0.70272,1.794864,1.933212,130.62,95.06,-13.86
08:39:25.4,46.219869,6.082506,1.44166782,140,0,0.4,337,19,1.4444456,-1.338096,2.648376,1.242204,140.07,-32.13,-40.25
08:39:25.4,46.219869,6.082506,1.44166782,140,0,0.4,337,19,1.4444456,-1.608936,2.7267,1.159488,114.59,81.27,-70.49
08:39:25.4,46.219869,6.082506,1.44166782,140,0,0.4,337,19,1.4444456,-0.836676,1.77144,1.850496,36.33,46.06,-115.57
08:39:25.4,46.219869,6.082506,1.44166782,140,0,0.4,337,19,1.4444456,-0.043188,1.071648,2.12646,88.34,-24.85,-109.13
08:39:25.5,46.219869,6.0825045,1.3750011,140,0,0.4,337,19,0.6666672,0.131028,0.91866,1.508652,133.14,-57.54,-82.81
08:39:25.5,46.219869,6.0825045,1.3750011,140,0,0.4,337,19,0.6666672,-0.08784,0.764208,1.106052,90.16,-14.56,-80.01
08:39:25.5,46.219869,6.0825045,1.3750011,140,0,0.4,337,19,0.6666672,-0.24156,0.639768,1.246596,75.74,18.06,-67.27
08:39:25.5,46.219869,6.0825045,1.3750011,140,0,0.4,337,19,0.6666672,-0.41358,0.653676,1.296372,92.33,25.2,-50.19
08:39:25.5,46.219869,6.0825045,1.3750011,140,0,0.4,337,19,0.6666672,-0.6222,0.600972,1.27368,102.62,27.44,-37.17
08:39:25.5,46.219869,6.0825045,1.3750011,140,0,0.4,337,19,0.6666672,-0.760548,0.510936,1.330044,99.19,35.56,-34.3
08:39:25.5,46.219869,6.0825045,1.3750011,140,0,0.4,337,19,0.6666672,-0.742248,0.464088,1.33956,97.65,39.69,-38.43
08:39:25.5,46.219869,6.0825045,1.3750011,140,0,0.4,337,19,0.6666672,-0.641232,0.431148,1.337364,92.96,42.07,-45.43
08:39:25.5,46.219869,6.0825045,1.3750011,140,0,0.4,337,19,0.6666672,-0.499224,0.34404,1.46034,94.71,41.58,-51.38
08:39:25.5,46.219869,6.0825045,1.3750011,140,0,0.4,337,19,0.6666672,-0.34038,0.223992,1.518168,87.85,24.43,-51.59
08:39:25.6,46.2198686666667,6.08250416666667,0.60277826,139,0,0.4,0,0,0,-0.221064,0.150792,1.466928,77.7,11.97,-44.52
08:39:25.6,46.2198686666667,6.08250416666667,0.60277826,139,0,0.4,0,0,0,-0.178608,0.134688,1.411296,69.02,9.03,-34.44
08:39:25.6,46.2198686666667,6.08250416666667,0.60277826,139,0,0.4,0,0,0,-0.218136,0.13908,1.358592,56.63,10.22,-26.39
08:39:25.6,46.2198686666667,6.08250416666667,0.60277826,139,0,0.4,0,0,0,-0.277428,0.125172,1.330044,45.5,10.5,-20.02
08:39:25.6,46.2198686666667,6.08250416666667,0.60277826,139,0,0.4,0,0,0,-0.301584,0.103944,1.311744,39.06,9.1,-14.77
08:39:25.6,46.2198686666667,6.08250416666667,0.60277826,139,0,0.4,0,0,0,-0.282552,0.10614,1.283928,31.36,7.28,-10.5
08:39:25.6,46.2198686666667,6.08250416666667,0.60277826,139,0,0.4,0,0,0,-0.24888,0.144936,1.272216,24.15,3.22,-6.16
08:39:25.6,46.2198686666667,6.08250416666667,0.60277826,139,0,0.4,0,0,0,-0.218136,0.19032,1.287588,19.32,-3.99,-1.33
08:39:25.6,46.2198686666667,6.08250416666667,0.60277826,139,0,0.4,0,0,0,-0.196176,0.210816,1.31028,15.68,-11.27,3.5
08:39:25.6,46.2198686666667,6.08250416666667,0.60277826,139,0,0.4,0,0,0,-0.202032,0.19764,1.342488,11.41,-16.73,8.33
08:39:25.7,46.2198686666667,6.08250383333333,0.41388922,139,0,0.4,337,19,1.8888904,-0.24522,0.177876,1.384944,6.93,-19.25,12.88
08:39:25.7,46.2198686666667,6.08250383333333,0.41388922,139,0,0.4,337,19,1.8888904,-0.294264,0.178608,1.417152,2.24,-20.86,16.73
08:39:25.7,46.2198686666667,6.08250383333333,0.41388922,139,0,0.4,337,19,1.8888904,-0.332328,0.202032,1.430328,-3.71,-21.28,20.02
08:39:25.7,46.2198686666667,6.08250383333333,0.41388922,139,0,0.4,337,19,1.8888904,-0.36234,0.226188,1.432524,-10.57,-20.58,23.17
08:39:25.7,46.2198686666667,6.08250383333333,0.41388922,139,0,0.4,337,19,1.8888904,-0.38796,0.243024,1.4274,-17.29,-19.81,25.76
08:39:25.7,46.2198686666667,6.08250383333333,0.41388922,139,0,0.4,337,19,1.8888904,-0.400404,0.2562,1.41276,-24.5,-19.32,27.72
08:39:25.7,46.2198686666667,6.08250383333333,0.41388922,139,0,0.4,337,19,1.8888904,-0.397476,0.268644,1.407636,-30.03,-20.09,29.75
08:39:25.7,46.2198686666667,6.08250383333333,0.41388922,139,0,0.4,337,19,1.8888904,-0.382104,0.286944,1.406904,-34.09,-21.98,31.43
08:39:25.7,46.2198686666667,6.08250383333333,0.41388922,139,0,0.4,337,19,1.8888904,-0.357948,0.31476,1.39812,-38.36,-24.29,32.55
08:39:25.7,46.2198686666667,6.08250383333333,0.41388922,139,0,0.4,337,19,1.8888904,-0.334524,0.345504,1.379088,-42.21,-27.58,33.95
08:39:25.8,46.219869,6.0825035,0.38611142,139,0,0.4,337,19,0.277778,-0.319884,0.363804,1.356396,-44.8,-29.19,35.98
08:39:25.8,46.219869,6.0825035,0.38611142,139,0,0.4,337,19,0.277778,-0.312564,0.370392,1.3359,-47.11,-30.17,38.29
08:39:25.8,46.219869,6.0825035,0.38611142,139,0,0.4,337,19,0.277778,-0.312564,0.379176,1.31028,-49.84,-32.27,40.81
08:39:25.8,46.219869,6.0825035,0.38611142,139,0,0.4,337,19,0.277778,-0.31842,0.393084,1.29198,-53.2,-32.13,42.56
08:39:25.8,46.219869,6.0825035,0.38611142,139,0,0.4,337,19,0.277778,-0.330132,0.404064,1.267092,-55.23,-31.85,44.03
08:39:25.8,46.219869,6.0825035,0.38611142,139,0,0.4,337,19,0.277778,-0.354288,0.41724,1.21878,-57.26,-31.57,45.36
08:39:25.8,46.219869,6.0825035,0.38611142,139,0,0.4,337,19,0.277778,-0.385032,0.432612,1.187304,-58.38,-26.95,46.62
08:39:25.8,46.219869,6.0825035,0.38611142,139,0,0.4,337,19,0.277778,-0.426024,0.451644,1.16754,-58.87,-23.94,48.65
08:39:25.8,46.219869,6.0825035,0.38611142,139,0,0.4,337,19,0.277778,-0.458232,0.494832,1.14924,-61.88,-21.14,50.4
08:39:25.8,46.219869,6.0825035,0.38611142,139,0,0.4,337,19,0.277778,-0.463356,0.554856,1.177056,-66.78,-14,51.31
08:39:25.9,46.2198695,6.08250333333333,0.4027781,139,0,0.4,337,19,0.1666668,-0.454572,0.603168,1.226832,-70.49,-7.28,52.01
08:39:25.9,46.2198695,6.08250333333333,0.4027781,139,0,0.4,337,19,0.1666668,-0.447984,0.642696,1.242936,-71.68,-6.3,52.92
08:39:25.9,46.2198695,6.08250333333333,0.4027781,139,0,0.4,337,19,0.1666668,-0.437736,0.682224,1.246596,-72.45,-5.74,52.78
08:39:25.9,46.2198695,6.08250333333333,0.4027781,139,0,0.4,337,19,0.1666668,-0.404064,0.714432,1.248792,-72.24,-7.91,51.45
08:39:25.9,46.2198695,6.08250333333333,0.4027781,139,0,0.4,337,19,0.1666668,-0.35868,0.748104,1.243668,-70.49,-10.78,49.84
08:39:25.9,46.2198695,6.08250333333333,0.4027781,139,0,0.4,337,19,0.1666668,-0.33672,0.786168,1.257576,-68.11,-13.86,48.65
08:39:25.9,46.2198695,6.08250333333333,0.4027781,139,0,0.4,337,19,0.1666668,-0.344772,0.807396,1.257576,-64.19,-16.8,47.53
08:39:25.9,46.2198695,6.08250333333333,0.4027781,139,0,0.4,337,19,0.1666668,-0.363804,0.814716,1.209996,-59.15,-17.85,45.08
08:39:25.9,46.2198695,6.08250333333333,0.4027781,139,0,0.4,337,19,0.1666668,-0.379176,0.822768,1.144848,-53.62,-12.95,41.02
08:39:25.9,46.2198695,6.08250333333333,0.4027781,139,0,0.4,337,19,0.1666668,-0.390888,0.809592,1.082628,-49.77,-3.43,36.61
08:39:26.0,46.2198698333333,6.08250366666667,0.43611146,139,0,0.4,0,0,0.3333336,-0.403332,0.773724,1.013088,-46.48,5.39,34.09
08:39:26.0,46.2198698333333,6.08250366666667,0.43611146,139,0,0.4,0,0,0.3333336,-0.389424,0.701256,0.914268,-41.44,12.67,30.1
08:39:26.0,46.2198698333333,6.08250366666667,0.43611146,139,0,0.4,0,0,0.3333336,-0.349896,0.576816,0.80154,-37.94,17.5,27.09
08:39:26.0,46.2198698333333,6.08250366666667,0.43611146,139,0,0.4,0,0,0.3333336,-0.304512,0.421632,0.708576,-35.49,21.7,23.03
08:39:26.0,46.2198698333333,6.08250366666667,0.43611146,139,0,0.4,0,0,0.3333336,-0.262056,0.260592,0.6222,-34.93,26.6,19.53
08:39:26.0,46.2198698333333,6.08250366666667,0.43611146,139,0,0.4,0,0,0.3333336,-0.232776,0.122976,0.540216,-37.87,33.53,16.73
08:39:26.0,46.2198698333333,6.08250366666667,0.43611146,139,0,0.4,0,0,0.3333336,-0.20496,0.019032,0.454572,-42.07,35.98,14.56
08:39:26.0,46.2198698333333,6.08250366666667,0.43611146,139,0,0.4,0,0,0.3333336,-0.171288,-0.06588,0.335256,-47.81,34.72,11.41
08:39:26.0,46.2198698333333,6.08250366666667,0.43611146,139,0,0.4,0,0,0.3333336,-0.133224,-0.137616,0.204228,-56.91,33.04,9.59
08:39:26.0,46.2198698333333,6.08250366666667,0.43611146,139,0,0.4,0,0,0.3333336,-0.099552,-0.206424,0.090768,-65.24,29.89,7.42
08:39:26.1,46.2198703333333,6.08250433333333,0.62222272,139,0,0.4,337,19,1.8611126,-0.076128,-0.2928,0.004392,-73.22,28.63,5.18
08:39:26.1,46.2198703333333,6.08250433333333,0.62222272,139,0,0.4,337,19,1.8611126,-0.085644,-0.383568,-0.038064,-84.84,29.05,0.49
08:39:26.1,46.2198703333333,6.08250433333333,0.62222272,139,0,0.4,337,19,1.8611126,-0.12078,-0.449448,-0.042456,-98.49,28.63,-9.38
08:39:26.1,46.2198703333333,6.08250433333333,0.62222272,139,0,0.4,337,19,1.8611126,-0.143472,-0.476532,-0.024156,-110.11,30.94,-19.32
08:39:26.1,46.2198703333333,6.08250433333333,0.62222272,139,0,0.4,337,19,1.8611126,-0.148596,-0.4392,0.034404,-117.39,36.12,-23.24
08:39:26.1,46.2198703333333,6.08250433333333,0.62222272,139,0,0.4,337,19,1.8611126,-0.145668,-0.290604,0.161772,-112.63,42.07,-21.56
08:39:26.1,46.2198703333333,6.08250433333333,0.62222272,139,0,0.4,337,19,1.8611126,-0.115656,-0.016104,0.350628,-87.01,48.23,-15.75
08:39:26.1,46.2198703333333,6.08250433333333,0.62222272,139,0,0.4,337,19,1.8611126,0.0183,0.36234,0.652944,-41.16,41.02,-7.14
08:39:26.1,46.2198703333333,6.08250433333333,0.62222272,139,0,0.4,337,19,1.8611126,0.178608,0.731268,0.808128,-1.4,-16.87,-7.77
08:39:26.1,46.2198703333333,6.08250433333333,0.62222272,139,0,0.4,337,19,1.8611126,0.195444,0.917928,0.493368,-3.15,-64.54,-18.62
08:39:26.2,46.2198708333333,6.08250483333333,0.75277838,139,0,0.4,337,19,1.3055566,0.182268,0.991128,0.12078,-43.19,-35.91,-14.21
08:39:26.2,46.2198708333333,6.08250483333333,0.75277838,139,0,0.4,337,19,1.3055566,0.32208,1.218048,0.200568,-81.97,5.25,-8.33
08:39:26.2,46.2198708333333,6.08250483333333,0.75277838,139,0,0.4,337,19,1.3055566,0.420168,1.611864,0.509472,-79.24,9.24,-6.72
08:39:26.2,46.2198708333333,6.08250483333333,0.75277838,139,0,0.4,337,19,1.3055566,0.30744,1.913448,0.725412,-72.94,13.16,-4.13
08:39:26.2,46.2198708333333,6.08250483333333,0.75277838,139,0,0.4,337,19,1.3055566,0.264984,2.084736,0.893772,-67.06,20.79,3.36
08:39:26.2,46.2198708333333,6.08250483333333,0.75277838,139,0,0.4,337,19,1.3055566,0.445056,2.131584,1.030656,-56.98,3.36,3.64
08:39:26.2,46.2198708333333,6.08250483333333,0.75277838,139,0,0.4,337,19,1.3055566,0.595116,1.931016,1.088484,-39.48,-10.78,5.81
08:39:26.2,46.2198708333333,6.08250483333333,0.75277838,139,0,0.4,337,19,1.3055566,0.568032,1.670424,1.051884,-16.17,-8.89,10.78
08:39:26.2,46.2198708333333,6.08250483333333,0.75277838,139,0,0.4,337,19,1.3055566,0.469944,1.506456,0.996984,-12.81,-13.09,14.7
08:39:26.2,46.2198708333333,6.08250483333333,0.75277838,139,0,0.4,337,19,1.3055566,0.364536,1.34322,0.945744,-11.83,-16.45,19.88
08:39:26.3,46.2198713333333,6.08250533333333,0.66944498,139,0,0.4,337,19,0.833334,0.24156,1.181448,0.895968,-13.02,-18.9,24.57
08:39:26.3,46.2198713333333,6.08250533333333,0.66944498,139,0,0.4,337,19,0.833334,0.122976,1.036512,0.833748,-10.78,-25.41,27.16
08:39:26.3,46.2198713333333,6.08250533333333,0.66944498,139,0,0.4,337,19,0.833334,0.026352,0.884256,0.710772,-9.66,-31.85,27.79
08:39:26.3,46.2198713333333,6.08250533333333,0.66944498,139,0,0.4,337,19,0.833334,-0.0183,0.730536,0.581208,-10.99,-39.2,27.79
08:39:26.3,46.2198713333333,6.08250533333333,0.66944498,139,0,0.4,337,19,0.833334,0.00366,0.59292,0.48312,-12.46,-49.35,28.28
08:39:26.3,46.2198713333333,6.08250533333333,0.66944498,139,0,0.4,337,19,0.833334,0.057828,0.483852,0.406992,-12.11,-56.07,31.29
08:39:26.3,46.2198713333333,6.08250533333333,0.66944498,139,0,0.4,337,19,0.833334,0.137616,0.389424,0.361608,-10.15,-61.11,36.33
08:39:26.3,46.2198713333333,6.08250533333333,0.66944498,139,0,0.4,337,19,0.833334,0.253272,0.295728,0.3294,-5.81,-71.96,43.89
08:39:26.3,46.2198713333333,6.08250533333333,0.66944498,139,0,0.4,337,19,0.833334,0.338184,0.183732,0.255468,2.59,-85.96,55.58
08:39:26.3,46.2198713333333,6.08250533333333,0.66944498,139,0,0.4,337,19,0.833334,0.354288,0.049776,0.152988,9.52,-90.02,69.86
08:39:26.4,46.2198708333333,6.082506,0.57777824,139,0,0.4,0,0,0.9166674,0.3294,-0.079788,0.081984,13.09,-88.62,84
08:39:26.4,46.2198708333333,6.082506,0.57777824,139,0,0.4,0,0,0.9166674,0.279624,-0.203496,0.0366,11.2,-91.91,93.38
08:39:26.4,46.2198708333333,6.082506,0.57777824,139,0,0.4,0,0,0.9166674,0.242292,-0.31476,0,3.29,-101.22,96.32
08:39:26.4,46.2198708333333,6.082506,0.57777824,139,0,0.4,0,0,0.9166674,0.221064,-0.365268,-0.03294,-9.59,-112.84,97.37
08:39:26.4,46.2198708333333,6.082506,0.57777824,139,0,0.4,0,0,0.9166674,0.170556,-0.33306,-0.049776,-23.24,-118.72,94.85
08:39:26.4,46.2198708333333,6.082506,0.57777824,139,0,0.4,0,0,0.9166674,0.096624,-0.251808,-0.02562,-33.88,-116.76,86.17
08:39:26.4,46.2198708333333,6.082506,0.57777824,139,0,0.4,0,0,0.9166674,0.05124,-0.1098,0.037332,-38.99,-111.16,76.09
08:39:26.4,46.2198708333333,6.082506,0.57777824,139,0,0.4,0,0,0.9166674,-0.019032,0.196176,0.185928,-32.48,-101.29,68.11
08:39:26.4,46.2198708333333,6.082506,0.57777824,139,0,0.4,0,0,0.9166674,-0.112728,0.716628,0.46848,-4.69,-51.17,63.28
08:39:26.4,46.2198708333333,6.082506,0.57777824,139,0,0.4,0,0,0.9166674,-0.210816,1.358592,0.748104,22.19,-25.97,63.21
08:39:26.5,46.2198706666667,6.08250633333333,0.31666692,139,0,0.4,337,19,2.6111132,-0.334524,1.913448,0.833016,27.51,-47.04,50.4
08:39:26.5,46.2198706666667,6.08250633333333,0.31666692,139,0,0.4,337,19,2.6111132,-0.532164,2.124264,0.606096,-17.08,-73.92,42
08:39:26.5,46.2198706666667,6.08250633333333,0.31666692,139,0,0.4,337,19,2.6111132,-0.721752,2.014464,0.656604,-65.24,-51.52,42.91
08:39:26.5,46.2198706666667,6.08250633333333,0.31666692,139,0,0.4,337,19,2.6111132,-0.696864,1.832928,1.007232,-35.21,-29.82,44.1
08:39:26.5,46.2198706666667,6.08250633333333,0.31666692,139,0,0.4,337,19,2.6111132,-0.630252,1.890024,1.059936,-22.89,-26.6,42.07
08:39:26.5,46.2198706666667,6.08250633333333,0.31666692,139,0,0.4,337,19,2.6111132,-0.633912,2.085468,1.067256,-38.01,-18.41,39.2
08:39:26.5,46.2198706666667,6.08250633333333,0.31666692,139,0,0.4,337,19,2.6111132,-0.603168,2.080344,1.087752,-31.85,-9.66,36.61
08:39:26.5,46.2198706666667,6.08250633333333,0.31666692,139,0,0.4,337,19,2.6111132,-0.494832,1.94346,1.052616,-30.24,-3.36,28.28
08:39:26.5,46.2198706666667,6.08250633333333,0.31666692,139,0,0.4,337,19,2.6111132,-0.30012,1.814628,1.029192,-24.36,-9.45,20.16
08:39:26.5,46.2198706666667,6.08250633333333,0.31666692,139,0,0.4,337,19,2.6111132,-0.106872,1.666032,0.94428,-17.85,-11.9,18.27
08:39:26.6,46.2198705,6.082507,0.4583337,139,0,0.4,337,19,1.4166678,-0.002928,1.518168,0.822768,-20.58,-7.28,21.07
08:39:26.6,46.2198705,6.082507,0.4583337,139,0,0.4,337,19,1.4166678,-0.030744,1.412028,0.748836,-20.58,7.84,24.15
08:39:26.6,46.2198705,6.082507,0.4583337,139,0,0.4,337,19,1.4166678,-0.105408,1.268556,0.701256,-14.63,23.38,23.38
08:39:26.6,46.2198705,6.082507,0.4583337,139,0,0.4,337,19,1.4166678,-0.123708,1.104588,0.65514,-6.37,32.06,21.77
08:39:26.6,46.2198705,6.082507,0.4583337,139,0,0.4,337,19,1.4166678,-0.12444,0.935496,0.573888,7.77,35.91,22.12
08:39:26.6,46.2198705,6.082507,0.4583337,139,0,0.4,337,19,1.4166678,-0.122976,0.741516,0.40992,11.2,35.98,20.09
08:39:26.6,46.2198705,6.082507,0.4583337,139,0,0.4,337,19,1.4166678,-0.138348,0.551928,0.237168,-0.07,38.71,13.58
08:39:26.6,46.2198705,6.082507,0.4583337,139,0,0.4,337,19,1.4166678,-0.172752,0.36234,0.15006,-11.9,50.19,3.29
08:39:26.6,46.2198705,6.082507,0.4583337,139,0,0.4,337,19,1.4166678,-0.181536,0.156648,0.169824,-16.03,61.88,-5.46
08:39:26.6,46.2198705,6.082507,0.4583337,139,0,0.4,337,19,1.4166678,-0.174216,-0.06222,0.200568,-14.7,59.15,-14.84
08:39:26.7,46.2198701666667,6.08250866666667,1.14722314,139,0,0.4,337,19,0,-0.169092,-0.2562,0.172752,-17.36,46.97,-21.42
08:39:26.7,46.2198701666667,6.08250866666667,1.14722314,139,0,0.4,337,19,0,-0.17568,-0.38796,0.12078,-25.06,36.33,-27.37
08:39:26.7,46.2198701666667,6.08250866666667,1.14722314,139,0,0.4,337,19,0,-0.169092,-0.465552,0.075396,-36.68,31.57,-34.02
08:39:26.7,46.2198701666667,6.08250866666667,1.14722314,139,0,0.4,337,19,0,-0.13908,-0.47214,0.054168,-49.21,36.68,-36.33
08:39:26.7,46.2198701666667,6.08250866666667,1.14722314,139,0,0.4,337,19,0,-0.079056,-0.405528,0.076128,-52.36,50.54,-33.95
08:39:26.7,46.2198701666667,6.08250866666667,1.14722314,139,0,0.4,337,19,0,-0.010248,-0.30744,0.13908,-40.6,60.83,-24.85
08:39:26.7,46.2198701666667,6.08250866666667,1.14722314,139,0,0.4,337,19,0,0.027816,-0.163236,0.220332,-21.7,60.06,-16.59
08:39:26.7,46.2198701666667,6.08250866666667,1.14722314,139,0,0.4,337,19,0,0.067344,0.052704,0.327936,0.07,54.32,-14.7
08:39:26.7,46.2198701666667,6.08250866666667,1.14722314,139,0,0.4,337,19,0,0.1464,0.367464,0.517524,29.61,41.3,-15.12
08:39:26.7,46.2198701666667,6.08250866666667,1.14722314,139,0,0.4,337,19,0,0.26718,0.860832,0.756888,58.94,15.19,-16.45
08:39:26.8,46.21987,6.08251,1.0138897,141,0,0.4,0,0,1.3333344,0.371856,1.411296,0.788364,46.2,13.37,-20.23
08:39:26.8,46.21987,6.08251,1.0138897,141,0,0.4,0,0,1.3333344,0.376248,1.723128,0.773724,-19.04,34.16,-22.19
08:39:26.8,46.21987,6.08251,1.0138897,141,0,0.4,0,0,1.3333344,0.301584,1.728252,0.87108,-44.38,16.52,-19.53
08:39:26.8,46.21987,6.08251,1.0138897,141,0,0.4,0,0,1.3333344,0.193248,1.63602,0.892308,-16.45,25.62,-5.32
08:39:26.8,46.21987,6.08251,1.0138897,141,0,0.4,0,0,1.3333344,0.125904,1.648464,0.983808,-4.48,40.53,-3.22
08:39:26.8,46.21987,6.08251,1.0138897,141,0,0.4,0,0,1.3333344,0.118584,1.780224,0.969168,-9.59,31.85,-10.36
08:39:26.8,46.21987,6.08251,1.0138897,141,0,0.4,0,0,1.3333344,0.128832,1.897344,0.891576,-28.07,29.82,-22.89
08:39:26.8,46.21987,6.08251,1.0138897,141,0,0.4,0,0,1.3333344,0.166896,1.89588,0.97356,-28,35.14,-28.42
08:39:26.8,46.21987,6.08251,1.0138897,141,0,0.4,0,0,1.3333344,0.194712,1.818288,1.01016,-8.54,39.76,-27.93
08:39:26.8,46.21987,6.08251,1.0138897,141,0,0.4,0,0,1.3333344,0.17568,1.767048,0.939888,-5.32,41.93,-30.52
08:39:26.9,46.2198698333333,6.08251133333333,0.90555628,141,0,0.4,337,19,1.0833342,0.147132,1.701168,0.87474,-17.08,45.29,-36.26
08:39:26.9,46.2198698333333,6.08251133333333,0.90555628,141,0,0.4,337,19,1.0833342,0.129564,1.622844,0.865224,-23.66,45.15,-42.56
08:39:26.9,46.2198698333333,6.08251133333333,0.90555628,141,0,0.4,337,19,1.0833342,0.108336,1.56648,0.803736,-23.66,42.7,-47.95
08:39:26.9,46.2198698333333,6.08251133333333,0.90555628,141,0,0.4,337,19,1.0833342,0.103944,1.483032,0.723216,-24.5,41.37,-50.54
08:39:26.9,46.2198698333333,6.08251133333333,0.90555628,141,0,0.4,337,19,1.0833342,0.126636,1.376892,0.692472,-23.17,35.49,-52.92
08:39:26.9,46.2198698333333,6.08251133333333,0.90555628,141,0,0.4,337,19,1.0833342,0.136884,1.260504,0.65148,-24.64,26.04,-56.28
08:39:26.9,46.2198698333333,6.08251133333333,0.90555628,141,0,0.4,337,19,1.0833342,0.121512,1.146312,0.575352,-23.31,18.34,-57.47
08:39:26.9,46.2198698333333,6.08251133333333,0.90555628,141,0,0.4,337,19,1.0833342,0.099552,1.037244,0.499956,-20.58,13.72,-56.98
08:39:26.9,46.2198698333333,6.08251133333333,0.90555628,141,0,0.4,337,19,1.0833342,0.072468,0.912072,0.449448,-19.53,9.66,-55.51
08:39:26.9,46.2198698333333,6.08251133333333,0.90555628,141,0,0.4,337,19,1.0833342,0.0549,0.763476,0.39162,-16.8,3.92,-52.92
08:39:27.0,46.2198691666667,6.082513,1.40000112,141,0,0.4,337,19,4.9444484,0.06222,0.601704,0.305976,-10.15,-2.17,-47.81
08:39:27.0,46.2198691666667,6.082513,1.40000112,141,0,0.4,337,19,4.9444484,0.089304,0.455304,0.218136,-3.5,-2.8,-39.62
08:39:27.0,46.2198691666667,6.082513,1.40000112,141,0,0.4,337,19,4.9444484,0.112728,0.33672,0.15372,0.07,1.82,-31.78
08:39:27.0,46.2198691666667,6.082513,1.40000112,141,0,0.4,337,19,4.9444484,0.133224,0.216672,0.121512,0.14,4.55,-26.32
08:39:27.0,46.2198691666667,6.082513,1.40000112,141,0,0.4,337,19,4.9444484,0.162504,0.106872,0.115656,-1.19,3.57,-22.19
08:39:27.0,46.2198691666667,6.082513,1.40000112,141,0,0.4,337,19,4.9444484,0.202032,0.032208,0.114192,-0.63,-3.92,-16.38
08:39:27.0,46.2198691666667,6.082513,1.40000112,141,0,0.4,337,19,4.9444484,0.251808,-0.001464,0.097356,2.66,-20.65,-7.7
08:39:27.0,46.2198691666667,6.082513,1.40000112,141,0,0.4,337,19,4.9444484,0.286944,-0.00732,0.057096,6.86,-41.23,1.12
08:39:27.0,46.2198691666667,6.082513,1.40000112,141,0,0.4,337,19,4.9444484,0.288408,-0.019032,0.016104,10.01,-57.54,8.68
08:39:27.0,46.2198691666667,6.082513,1.40000112,141,0,0.4,337,19,4.9444484,0.261324,-0.071736,-0.008052,10.08,-68.88,14.98
08:39:27.1,46.2198686666667,6.08251466666667,1.40833446,141,0,0.4,337,19,0.0833334000000008,0.213744,-0.159576,-0.016104,6.16,-73.43,20.51
08:39:27.1,46.2198686666667,6.08251466666667,1.40833446,141,0,0.4,337,19,0.0833334000000008,0.16836,-0.249612,0.01098,-1.05,-73.78,23.87
08:39:27.1,46.2198686666667,6.08251466666667,1.40833446,141,0,0.4,337,19,0.0833334000000008,0.141276,-0.309636,0.08052,-8.75,-77.28,24.01
08:39:27.1,46.2198686666667,6.08251466666667,1.40833446,141,0,0.4,337,19,0.0833334000000008,0.136152,-0.319152,0.159576,-10.57,-81.13,21.42
08:39:27.1,46.2198686666667,6.08251466666667,1.40833446,141,0,0.4,337,19,0.0833334000000008,0.143472,-0.272304,0.227652,-4.97,-83.79,17.64
08:39:27.1,46.2198686666667,6.08251466666667,1.40833446,141,0,0.4,337,19,0.0833334000000008,0.137616,-0.177144,0.28182,3.36,-92.12,13.09
08:39:27.1,46.2198686666667,6.08251466666667,1.40833446,141,0,0.4,337,19,0.0833334000000008,0.08784,-0.027816,0.357948,9.03,-98.7,10.15
08:39:27.1,46.2198686666667,6.08251466666667,1.40833446,141,0,0.4,337,19,0.0833334000000008,-0.005124,0.202032,0.493368,14.42,-93.66,9.1
08:39:27.1,46.2198686666667,6.08251466666667,1.40833446,141,0,0.4,337,19,0.0833334000000008,-0.131028,0.55998,0.670512,22.26,-77.42,12.18
08:39:27.1,46.2198686666667,6.08251466666667,1.40833446,141,0,0.4,337,19,0.0833334000000008,-0.280356,1.055544,0.88206,24.15,-43.05,18.55
08:39:27.2,46.2198681666667,6.08251583333333,1.0555564,141,0,0.4,337,19,3.5277806,-0.30012,1.597224,1.141188,3.71,-7.07,17.22
08:39:27.2,46.2198681666667,6.08251583333333,1.0555564,141,0,0.4,337,19,3.5277806,-0.21228,2.09718,1.29564,7.84,-29.05,9.59
08:39:27.2,46.2198681666667,6.08251583333333,1.0555564,141,0,0.4,337,19,3.5277806,-0.377712,2.38266,1.264896,50.05,-47.11,16.66
08:39:27.2,46.2198681666667,6.08251583333333,1.0555564,141,0,0.4,337,19,3.5277806,-0.620736,2.200392,1.247328,52.78,-30.66,23.59
08:39:27.2,46.2198681666667,6.08251583333333,1.0555564,141,0,0.4,337,19,3.5277806,-0.587064,1.86294,1.324188,50.26,-13.58,23.52
08:39:27.2,46.2198681666667,6.08251583333333,1.0555564,141,0,0.4,337,19,3.5277806,-0.45018,1.831464,1.272216,64.33,-28.56,21.35
08:39:27.2,46.2198681666667,6.08251583333333,1.0555564,141,0,0.4,337,19,3.5277806,-0.327204,1.878312,1.175592,46.69,-52.01,16.8
08:39:27.2,46.2198681666667,6.08251583333333,1.0555564,141,0,0.4,337,19,3.5277806,-0.238632,1.919304,1.269288,26.04,-70.35,13.37
08:39:27.2,46.2198681666667,6.08251583333333,1.0555564,141,0,0.4,337,19,3.5277806,-0.266448,2.068632,1.294176,6.79,-61.53,16.03
08:39:27.2,46.2198681666667,6.08251583333333,1.0555564,141,0,0.4,337,19,3.5277806,-0.382104,2.263344,1.224636,-3.01,-35.21,26.74
08:39:27.3,46.219868,6.08251683333333,0.85555624,141,0,0.4,0,0,2.0000016,-0.546072,2.3607,1.184376,-13.02,-10.57,38.64
08:39:27.3,46.219868,6.08251683333333,0.85555624,141,0,0.4,0,0,2.0000016,-0.660996,2.299944,1.160952,-28.98,8.61,42.63
08:39:27.3,46.219868,6.08251683333333,0.85555624,141,0,0.4,0,0,2.0000016,-0.635376,2.219424,1.142652,-33.11,19.18,45.92
08:39:27.3,46.219868,6.08251683333333,0.85555624,141,0,0.4,0,0,2.0000016,-0.560712,2.165256,1.084824,-27.23,28.28,52.71
08:39:27.3,46.219868,6.08251683333333,0.85555624,141,0,0.4,0,0,2.0000016,-0.49044,2.077416,0.99186,-17.78,32.2,59.64
08:39:27.3,46.219868,6.08251683333333,0.85555624,141,0,0.4,0,0,2.0000016,-0.423096,1.868064,0.881328,-16.8,38.15,59.08
08:39:27.3,46.219868,6.08251683333333,0.85555624,141,0,0.4,0,0,2.0000016,-0.371856,1.546716,0.831552,-14.63,48.65,53.2
08:39:27.3,46.219868,6.08251683333333,0.85555624,141,0,0.4,0,0,2.0000016,-0.333792,1.253184,0.787632,-4.34,48.93,47.81
08:39:27.3,46.219868,6.08251683333333,0.85555624,141,0,0.4,0,0,2.0000016,-0.279624,1.043832,0.678564,7.77,33.04,39.48
08:39:27.3,46.219868,6.08251683333333,0.85555624,141,0,0.4,0,0,2.0000016,-0.188856,0.853512,0.549,17.85,10.36,31.99
08:39:27.4,46.2198673333333,6.08251883333333,1.52500122,141,0,0.4,337,19,0,-0.112728,0.677832,0.440664,27.51,-12.39,26.74
08:39:27.4,46.2198673333333,6.08251883333333,1.52500122,141,0,0.4,337,19,0,-0.095892,0.49776,0.355752,37.38,-26.25,20.79
08:39:27.4,46.2198673333333,6.08251883333333,1.52500122,141,0,0.4,337,19,0,-0.104676,0.286212,0.28548,43.26,-29.96,13.09
08:39:27.4,46.2198673333333,6.08251883333333,1.52500122,141,0,0.4,337,19,0,-0.111996,0.098088,0.240096,47.67,-23.8,8.33
08:39:27.4,46.2198673333333,6.08251883333333,1.52500122,141,0,0.4,337,19,0,-0.1098,-0.03294,0.178608,51.52,-11.83,7.14
08:39:27.4,46.2198673333333,6.08251883333333,1.52500122,141,0,0.4,337,19,0,-0.115656,-0.103944,0.103944,47.04,-10.08,5.04
08:39:27.4,46.2198673333333,6.08251883333333,1.52500122,141,0,0.4,337,19,0,-0.158844,-0.122976,0.054168,43.89,-1.82,3.29
08:39:27.4,46.2198673333333,6.08251883333333,1.52500122,141,0,0.4,337,19,0,-0.198372,-0.13542,0.005856,42.07,13.93,3.5
08:39:27.4,46.2198673333333,6.08251883333333,1.52500122,141,0,0.4,337,19,0,-0.216672,-0.144936,-0.057828,34.79,25.83,4.97
08:39:27.4,46.2198673333333,6.08251883333333,1.52500122,141,0,0.4,337,19,0,-0.196908,-0.132492,-0.092232,21.35,34.3,6.86
08:39:27.5,46.2198668333333,6.08252133333333,1.9027793,141,0,0.4,337,19,3.7777808,-0.136884,-0.094428,-0.070272,14.49,38.15,9.03
08:39:27.5,46.2198668333333,6.08252133333333,1.9027793,141,0,0.4,337,19,3.7777808,-0.064416,-0.06588,-0.071736,16.52,35.77,9.8
08:39:27.5,46.2198668333333,6.08252133333333,1.9027793,141,0,0.4,337,19,3.7777808,-0.005856,-0.060756,-0.107604,16.8,30.59,9.1
08:39:27.5,46.2198668333333,6.08252133333333,1.9027793,141,0,0.4,337,19,3.7777808,0.030012,-0.049044,-0.133224,15.54,27.72,6.58
08:39:27.5,46.2198668333333,6.08252133333333,1.9027793,141,0,0.4,337,19,3.7777808,0.048312,-0.035868,-0.14274,15.05,28.49,3.08
08:39:27.5,46.2198668333333,6.08252133333333,1.9027793,141,0,0.4,337,19,3.7777808,0.049044,-0.030012,-0.130296,14.98,28.21,0.14
08:39:27.5,46.2198668333333,6.08252133333333,1.9027793,141,0,0.4,337,19,3.7777808,0.046116,-0.030744,-0.103212,18.06,27.16,-2.59
08:39:27.5,46.2198668333333,6.08252133333333,1.9027793,141,0,0.4,337,19,3.7777808,0.053436,-0.040992,-0.077592,22.19,26.95,-4.27
08:39:27.5,46.2198668333333,6.08252133333333,1.9027793,141,0,0.4,337,19,3.7777808,0.06222,-0.048312,-0.06588,22.68,26.67,-4.83
08:39:27.5,46.2198668333333,6.08252133333333,1.9027793,141,0,0.4,337,19,3.7777808,0.061488,-0.05124,-0.070272,20.65,28.28,-6.16
08:39:27.6,46.2198665,6.08252366666667,1.80277922,141,0,0.4,337,19,1.0000008,0.054168,-0.067344,-0.079788,17.22,29.82,-8.19
08:39:27.6,46.2198665,6.08252366666667,1.80277922,141,0,0.4,337,19,1.0000008,0.04758,-0.0915,-0.08052,11.97,32.83,-10.01
08:39:27.6,46.2198665,6.08252366666667,1.80277922,141,0,0.4,337,19,1.0000008,0.0366,-0.106872,-0.072468,5.53,37.31,-12.04
08:39:27.6,46.2198665,6.08252366666667,1.80277922,141,0,0.4,337,19,1.0000008,0.019032,-0.105408,-0.06588,1.05,39.41,-14.14
08:39:27.6,46.2198665,6.08252366666667,1.80277922,141,0,0.4,337,19,1.0000008,0.008052,-0.096624,-0.06222,-0.98,39.62,-16.1
08:39:27.6,46.2198665,6.08252366666667,1.80277922,141,0,0.4,337,19,1.0000008,0.011712,-0.097356,-0.066612,1.26,38.5,-15.82
08:39:27.6,46.2198665,6.08252366666667,1.80277922,141,0,0.4,337,19,1.0000008,0.028548,-0.11712,-0.08784,4.06,34.3,-14.63
08:39:27.6,46.2198665,6.08252366666667,1.80277922,141,0,0.4,337,19,1.0000008,0.062952,-0.136152,-0.12444,2.31,28.49,-12.53
08:39:27.6,46.2198665,6.08252366666667,1.80277922,141,0,0.4,337,19,1.0000008,0.10248,-0.133224,-0.154452,-3.43,26.74,-9.38
08:39:27.6,46.2198665,6.08252366666667,1.80277922,141,0,0.4,337,19,1.0000008,0.131028,-0.08784,-0.128832,-9.87,32.06,-9.38
08:39:27.7,46.2198663333333,6.08252616666667,1.75555696,140,0,0.4,0,0,0.472222599999999,0.143472,-0.008052,-0.017568,-9.87,42.14,-15.19
08:39:27.7,46.2198663333333,6.08252616666667,1.75555696,140,0,0.4,0,0,0.472222599999999,0.155184,0.095892,0.22692,2.03,46.83,-24.99
08:39:27.7,46.2198663333333,6.08252616666667,1.75555696,140,0,0.4,0,0,0.472222599999999,0.125904,0.25986,0.792024,29.4,30.73,-38.01
08:39:27.7,46.2198663333333,6.08252616666667,1.75555696,140,0,0.4,0,0,0.472222599999999,0.089304,0.577548,1.985916,93.45,20.3,-51.87
08:39:27.7,46.2198663333333,6.08252616666667,1.75555696,140,0,0.4,0,0,0.472222599999999,0.171288,0.898896,2.092056,104.09,-49.77,-66.08
08:39:27.7,46.2198663333333,6.08252616666667,1.75555696,140,0,0.4,0,0,0.472222599999999,0.77958,1.308816,1.232688,57.19,-120.68,-35.42
08:39:27.7,46.2198663333333,6.08252616666667,1.75555696,140,0,0.4,0,0,0.472222599999999,1.985184,1.962492,1.162416,91.49,-217.28,-7.21
08:39:27.7,46.2198663333333,6.08252616666667,1.75555696,140,0,0.4,0,0,0.472222599999999,2.6352,2.744268,1.362252,34.65,-221.97,1.26
08:39:27.7,46.2198663333333,6.08252616666667,1.75555696,140,0,0.4,0,0,0.472222599999999,1.893684,2.848944,1.824144,92.68,-61.6,53.06
08:39:27.7,46.2198663333333,6.08252616666667,1.75555696,140,0,0.4,0,0,0.472222599999999,0.751032,1.77876,1.712148,199.29,30.8,74.27
08:39:27.8,46.2198661666667,6.08252816666667,1.4305567,140,0,0.4,337,19,3.2500026,0.133956,0.590724,1.245864,163.45,35.77,75.6
08:39:27.8,46.2198661666667,6.08252816666667,1.4305567,140,0,0.4,337,19,3.2500026,-0.134688,-0.019032,1.418616,135.87,52.85,75.53
08:39:27.8,46.2198661666667,6.08252816666667,1.4305567,140,0,0.4,337,19,3.2500026,-0.288408,-0.24156,1.360056,170.1,57.33,54.6
08:39:27.8,46.2198661666667,6.08252816666667,1.4305567,140,0,0.4,337,19,3.2500026,-0.371856,-0.182268,1.234152,136.36,21.84,29.75
08:39:27.8,46.2198661666667,6.08252816666667,1.4305567,140,0,0.4,337,19,3.2500026,-0.280356,0.180072,1.494744,105.98,-20.72,16.66
08:39:27.8,46.2198661666667,6.08252816666667,1.4305567,140,0,0.4,337,19,3.2500026,0.055632,0.551928,1.60674,113.61,-58.8,8.82
08:39:27.8,46.2198661666667,6.08252816666667,1.4305567,140,0,0.4,337,19,3.2500026,0.445056,0.671244,1.622844,111.44,-78.96,5.25
08:39:27.8,46.2198661666667,6.08252816666667,1.4305567,140,0,0.4,337,19,3.2500026,0.671976,0.644892,1.612596,115.99,-69.37,9.8
08:39:27.8,46.2198661666667,6.08252816666667,1.4305567,140,0,0.4,337,19,3.2500026,0.749568,0.491904,1.498404,121.24,-56.98,17.22
08:39:27.8,46.2198661666667,6.08252816666667,1.4305567,140,0,0.4,337,19,3.2500026,0.664656,0.250344,1.423008,115.36,-42.98,24.43
08:39:27.9,46.2198655,6.082529,1.00277858,140,0,0.4,337,19,4.2777812,0.451644,0.088572,1.357128,97.44,-26.04,32.9
08:39:27.9,46.2198655,6.082529,1.00277858,140,0,0.4,337,19,4.2777812,0.232044,0.071736,1.371768,77.77,-13.37,37.8
08:39:27.9,46.2198655,6.082529,1.00277858,140,0,0.4,337,19,4.2777812,0.099552,0.158112,1.403976,72.1,-5.32,36.89
08:39:27.9,46.2198655,6.082529,1.00277858,140,0,0.4,337,19,4.2777812,0.060024,0.209352,1.411296,66.22,-1.68,33.11
08:39:27.9,46.2198655,6.082529,1.00277858,140,0,0.4,337,19,4.2777812,0.048312,0.185928,1.455948,60.34,-1.12,29.75
08:39:27.9,46.2198655,6.082529,1.00277858,140,0,0.4,337,19,4.2777812,0.0549,0.158112,1.4823,60.06,-2.17,26.39
08:39:27.9,46.2198655,6.082529,1.00277858,140,0,0.4,337,19,4.2777812,0.093696,0.138348,1.455216,58.1,-6.23,23.87
08:39:27.9,46.2198655,6.082529,1.00277858,140,0,0.4,337,19,4.2777812,0.134688,0.140544,1.421544,50.89,-12.74,24.22
08:39:27.9,46.2198655,6.082529,1.00277858,140,0,0.4,337,19,4.2777812,0.150792,0.191784,1.392996,44.66,-14.49,24.92
08:39:27.9,46.2198655,6.082529,1.00277858,140,0,0.4,337,19,4.2777812,0.15738,0.233508,1.371768,38.78,-14.28,23.8
08:39:28.0,46.219865,6.08253,0.7916673,140,0,0.4,337,19,2.1111128,0.170556,0.2379,1.380552,34.58,-12.95,21.21
08:39:28.0,46.219865,6.08253,0.7916673,140,0,0.4,337,19,2.1111128,0.191784,0.232776,1.382016,31.57,-13.37,18.55
08:39:28.0,46.219865,6.08253,0.7916673,140,0,0.4,337,19,2.1111128,0.20862,0.211548,1.371768,30.45,-15.54,15.61
08:39:28.0,46.219865,6.08253,0.7916673,140,0,0.4,337,19,2.1111128,0.202032,0.171288,1.373232,28.56,-16.94,14.07
08:39:28.0,46.219865,6.08253,0.7916673,140,0,0.4,337,19,2.1111128,0.187392,0.132492,1.375428,26.11,-16.59,15.33
08:39:28.0,46.219865,6.08253,0.7916673,140,0,0.4,337,19,2.1111128,0.17568,0.106872,1.374696,23.1,-15.12,17.92
08:39:28.0,46.219865,6.08253,0.7916673,140,0,0.4,337,19,2.1111128,0.167628,0.11346,1.391532,18.97,-12.04,19.95
08:39:28.0,46.219865,6.08253,0.7916673,140,0,0.4,337,19,2.1111128,0.16836,0.144204,1.414224,15.61,-9.8,20.16
08:39:28.0,46.219865,6.08253,0.7916673,140,0,0.4,337,19,2.1111128,0.17568,0.169824,1.422276,12.04,-11.55,18.97
08:39:28.0,46.219865,6.08253,0.7916673,140,0,0.4,337,19,2.1111128,0.172752,0.166896,1.409832,8.54,-15.47,16.8
08:39:28.1,46.2198646666667,6.08253033333333,0.53333376,140,0,0.4,337,19,2.5833354,0.159576,0.134688,1.388604,3.22,-18.13,14
08:39:28.1,46.2198646666667,6.08253033333333,0.53333376,140,0,0.4,337,19,2.5833354,0.147864,0.103944,1.370304,-2.24,-18.2,12.04
08:39:28.1,46.2198646666667,6.08253033333333,0.53333376,140,0,0.4,337,19,2.5833354,0.144204,0.092232,1.352004,-7,-16.24,10.57
08:39:28.1,46.2198646666667,6.08253033333333,0.53333376,140,0,0.4,337,19,2.5833354,0.16104,0.082716,1.353468,-11.2,-12.95,8.89
08:39:28.1,46.2198646666667,6.08253033333333,0.53333376,140,0,0.4,337,19,2.5833354,0.182268,0.08784,1.365912,-14.07,-9.66,7.35
08:39:28.1,46.2198646666667,6.08253033333333,0.53333376,140,0,0.4,337,19,2.5833354,0.200568,0.111996,1.364448,-16.31,-6.3,5.6
08:39:28.1,46.2198646666667,6.08253033333333,0.53333376,140,0,0.4,337,19,2.5833354,0.213012,0.136884,1.358592,-19.11,-4.83,3.64
08:39:28.1,46.2198646666667,6.08253033333333,0.53333376,140,0,0.4,337,19,2.5833354,0.207888,0.152256,1.345416,-21.14,-4.55,1.12
08:39:28.1,46.2198646666667,6.08253033333333,0.53333376,140,0,0.4,337,19,2.5833354,0.188856,0.1464,1.32492,-24.15,-3.22,-1.82
08:39:28.1,46.2198646666667,6.08253033333333,0.53333376,140,0,0.4,337,19,2.5833354,0.172752,0.127368,1.302228,-28.21,-0.28,-5.25
08:39:28.2,46.2198646666667,6.08253,0,138,0,0.4,0,0,5.3333376,0.16104,0.120048,1.281,-31.85,2.94,-8.96
08:39:28.2,46.2198646666667,6.08253,0,138,0,0.4,0,0,5.3333376,0.158112,0.12078,1.261236,-35.28,5.74,-12.95
08:39:28.2,46.2198646666667,6.08253,0,138,0,0.4,0,0,5.3333376,0.16836,0.12078,1.240008,-37.73,6.51,-16.31
08:39:28.2,46.2198646666667,6.08253,0,138,0,0.4,0,0,5.3333376,0.176412,0.12444,1.219512,-39.97,6.72,-19.32
08:39:28.2,46.2198646666667,6.08253,0,138,0,0.4,0,0,5.3333376,0.180072,0.133224,1.20048,-42.77,8.68,-22.19
08:39:28.2,46.2198646666667,6.08253,0,138,0,0.4,0,0,5.3333376,0.181536,0.150792,1.185108,-45.22,11.83,-24.22
08:39:28.2,46.2198646666667,6.08253,0,138,0,0.4,0,0,5.3333376,0.177144,0.177144,1.190232,-47.25,15.75,-26.11
08:39:28.2,46.2198646666667,6.08253,0,138,0,0.4,0,0,5.3333376,0.172752,0.209352,1.2078,-48.72,20.16,-28.84
08:39:28.2,46.2198646666667,6.08253,0,138,0,0.4,0,0,5.3333376,0.169092,0.231312,1.188036,-48.23,21,-32.34
08:39:28.2,46.2198646666667,6.08253,0,138,0,0.4,0,0,5.3333376,0.150792,0.228384,1.150704,-47.46,23.17,-36.61
08:39:28.3,46.2198646666667,6.08252933333333,0.34166694,138,0,0.4,337,19,3.4166694,0.125904,0.216672,1.139724,-46.97,29.19,-41.16
08:39:28.3,46.2198646666667,6.08252933333333,0.34166694,138,0,0.4,337,19,3.4166694,0.118584,0.210816,1.130208,-48.3,32.62,-45.64
08:39:28.3,46.2198646666667,6.08252933333333,0.34166694,138,0,0.4,337,19,3.4166694,0.123708,0.2196,1.088484,-50.75,35.56,-49.07
08:39:28.3,46.2198646666667,6.08252933333333,0.34166694,138,0,0.4,337,19,3.4166694,0.134688,0.2562,1.04676,-55.44,38.64,-51.59
08:39:28.3,46.2198646666667,6.08252933333333,0.34166694,138,0,0.4,337,19,3.4166694,0.133224,0.319152,1.0248,-61.18,43.33,-53.97
08:39:28.3,46.2198646666667,6.08252933333333,0.34166694,138,0,0.4,337,19,3.4166694,0.122976,0.397476,1.018944,-65.87,50.96,-57.26
08:39:28.3,46.2198646666667,6.08252933333333,0.34166694,138,0,0.4,337,19,3.4166694,0.133956,0.461892,1.041636,-64.96,57.19,-61.88
08:39:28.3,46.2198646666667,6.08252933333333,0.34166694,138,0,0.4,337,19,3.4166694,0.184464,0.500688,1.087752,-61.46,57.54,-67.2
08:39:28.3,46.2198646666667,6.08252933333333,0.34166694,138,0,0.4,337,19,3.4166694,0.279624,0.554856,1.132404,-58.24,42.98,-69.51
08:39:28.3,46.2198646666667,6.08252933333333,0.34166694,138,0,0.4,337,19,3.4166694,0.390888,0.64416,1.179984,-55.16,27.16,-66.22
08:39:28.4,46.2198648333333,6.08252833333333,0.66944498,138,0,0.4,337,19,3.2777804,0.510204,0.729072,1.250256,-51.38,11.83,-60.41
08:39:28.4,46.2198648333333,6.08252833333333,0.66944498,138,0,0.4,337,19,3.2777804,0.635376,0.789828,1.297104,-46.27,-6.58,-52.15
08:39:28.4,46.2198648333333,6.08252833333333,0.66944498,138,0,0.4,337,19,3.2777804,0.751764,0.813252,1.281,-39.97,-17.85,-42.7
08:39:28.4,46.2198648333333,6.08252833333333,0.66944498,138,0,0.4,337,19,3.2777804,0.815448,0.774456,1.217316,-32.41,-20.37,-33.25
08:39:28.4,46.2198648333333,6.08252833333333,0.66944498,138,0,0.4,337,19,3.2777804,0.774456,0.68808,1.13094,-26.67,-18.34,-25.9
08:39:28.4,46.2198648333333,6.08252833333333,0.66944498,138,0,0.4,337,19,3.2777804,0.686616,0.60756,1.051152,-26.11,-20.3,-18.69
08:39:28.4,46.2198648333333,6.08252833333333,0.66944498,138,0,0.4,337,19,3.2777804,0.599508,0.549,0.953064,-23.1,-29.68,-9.24
08:39:28.4,46.2198648333333,6.08252833333333,0.66944498,138,0,0.4,337,19,3.2777804,0.491172,0.47214,0.815448,-20.44,-36.75,-0.49
08:39:28.4,46.2198648333333,6.08252833333333,0.66944498,138,0,0.4,337,19,3.2777804,0.3843,0.367464,0.692472,-20.02,-37.87,5.95
08:39:28.4,46.2198648333333,6.08252833333333,0.66944498,138,0,0.4,337,19,3.2777804,0.295728,0.256932,0.587064,-19.46,-34.37,11.48
08:39:28.5,46.2198648333333,6.082527,0.91111184,138,0,0.4,337,19,2.4166686,0.24156,0.177144,0.506544,-18.34,-30.66,15.12
08:39:28.5,46.2198648333333,6.082527,0.91111184,138,0,0.4,337,19,2.4166686,0.216672,0.13176,0.44652,-17.01,-34.09,16.17
08:39:28.5,46.2198648333333,6.082527,0.91111184,138,0,0.4,337,19,2.4166686,0.177144,0.071004,0.386496,-16.52,-38.5,15.54
08:39:28.5,46.2198648333333,6.082527,0.91111184,138,0,0.4,337,19,2.4166686,0.1098,-0.020496,0.317688,-17.78,-42.28,12.6
08:39:28.5,46.2198648333333,6.082527,0.91111184,138,0,0.4,337,19,2.4166686,0.0549,-0.130296,0.24888,-22.96,-41.93,8.19
08:39:28.5,46.2198648333333,6.082527,0.91111184,138,0,0.4,337,19,2.4166686,0.0366,-0.24888,0.21228,-31.99,-36.82,5.25
08:39:28.5,46.2198648333333,6.082527,0.91111184,138,0,0.4,337,19,2.4166686,0.052704,-0.37332,0.228384,-44.45,-32.2,4.83
08:39:28.5,46.2198648333333,6.082527,0.91111184,138,0,0.4,337,19,2.4166686,0.072468,-0.500688,0.327204,-60.76,-37.31,6.72
08:39:28.5,46.2198648333333,6.082527,0.91111184,138,0,0.4,337,19,2.4166686,0.054168,-0.598776,0.452376,-72.24,-51.24,7.14
08:39:28.5,46.2198648333333,6.082527,0.91111184,138,0,0.4,337,19,2.4166686,0.023424,-0.583404,0.478728,-75.11,-66.22,6.86
08:39:28.6,46.2198643333333,6.08252533333333,1.2916677,139,0,0.4,0,0,3.8055586,0.011712,-0.437736,0.401136,-74.97,-82.11,10.08
08:39:28.6,46.2198643333333,6.08252533333333,1.2916677,139,0,0.4,0,0,3.8055586,0.013176,-0.308172,0.356484,-75.18,-89.88,15.4
08:39:28.6,46.2198643333333,6.08252533333333,1.2916677,139,0,0.4,0,0,3.8055586,-0.001464,-0.250344,0.461892,-75.25,-88.13,25.34
08:39:28.6,46.2198643333333,6.08252533333333,1.2916677,139,0,0.4,0,0,3.8055586,-0.02196,-0.137616,0.650748,-77.77,-85.96,36.47
08:39:28.6,46.2198643333333,6.08252533333333,1.2916677,139,0,0.4,0,0,3.8055586,-0.070272,0.163968,0.7686,-95.13,-98.63,45.29
08:39:28.6,46.2198643333333,6.08252533333333,1.2916677,139,0,0.4,0,0,3.8055586,-0.232776,0.691008,0.813984,-119.77,-103.25,44.31
08:39:28.6,46.2198643333333,6.08252533333333,1.2916677,139,0,0.4,0,0,3.8055586,-0.438468,1.285392,0.821304,-118.79,-73.57,35.91
08:39:28.6,46.2198643333333,6.08252533333333,1.2916677,139,0,0.4,0,0,3.8055586,-0.645624,1.784616,0.871812,-78.05,-39.55,33.32
08:39:28.6,46.2198643333333,6.08252533333333,1.2916677,139,0,0.4,0,0,3.8055586,-0.868152,2.06058,1.018944,-13.93,-11.34,36.05
08:39:28.6,46.2198643333333,6.08252533333333,1.2916677,139,0,0.4,0,0,3.8055586,-0.955992,1.92882,1.2078,-26.74,3.08,32.2
08:39:28.7,46.2198645,6.08252316666667,1.57500126,139,0,0.4,337,19,2.8333356,-0.9699,1.682868,1.509384,-74.55,-11.27,17.64
08:39:28.7,46.2198645,6.08252316666667,1.57500126,139,0,0.4,337,19,2.8333356,-1.03944,1.679208,1.554768,-26.95,7.63,10.15
08:39:28.7,46.2198645,6.08252316666667,1.57500126,139,0,0.4,337,19,2.8333356,-1.037244,1.648464,1.289052,-15.82,20.58,-1.05
08:39:28.7,46.2198645,6.08252316666667,1.57500126,139,0,0.4,337,19,2.8333356,-0.8784,1.484496,1.140456,-23.52,39.76,-13.16
08:39:28.7,46.2198645,6.08252316666667,1.57500126,139,0,0.4,337,19,2.8333356,-0.665388,1.358592,1.064328,-30.03,48.3,-20.79
08:39:28.7,46.2198645,6.08252316666667,1.57500126,139,0,0.4,337,19,2.8333356,-0.522648,1.260504,0.947208,-31.01,58.8,-26.95
08:39:28.7,46.2198645,6.08252316666667,1.57500126,139,0,0.4,337,19,2.8333356,-0.448716,1.1529,0.79788,-31.57,68.32,-32.97
08:39:28.7,46.2198645,6.08252316666667,1.57500126,139,0,0.4,337,19,2.8333356,-0.415776,1.041636,0.653676,-28.84,79.38,-40.95
08:39:28.7,46.2198645,6.08252316666667,1.57500126,139,0,0.4,337,19,2.8333356,-0.397476,0.910608,0.508008,-20.58,88.2,-51.03
08:39:28.7,46.2198645,6.08252316666667,1.57500126,139,0,0.4,337,19,2.8333356,-0.357216,0.78324,0.357216,-12.6,93.45,-62.86
08:39:28.8,46.2198648333333,6.0825215,1.35555664,139,0,0.4,337,19,2.1944462,-0.27084,0.652944,0.210816,-10.22,96.04,-73.36
08:39:28.8,46.2198648333333,6.0825215,1.35555664,139,0,0.4,337,19,2.1944462,-0.137616,0.469944,0.105408,-12.67,99.89,-78.89
08:39:28.8,46.2198648333333,6.0825215,1.35555664,139,0,0.4,337,19,2.1944462,-0.008784,0.239364,0.04758,-13.93,102.83,-76.86
08:39:28.8,46.2198648333333,6.0825215,1.35555664,139,0,0.4,337,19,2.1944462,0.099552,-0.002928,0.026352,-15.05,102.48,-67.69
08:39:28.8,46.2198648333333,6.0825215,1.35555664,139,0,0.4,337,19,2.1944462,0.163968,-0.229848,0.057096,-19.11,92.4,-53.13
08:39:28.8,46.2198648333333,6.0825215,1.35555664,139,0,0.4,337,19,2.1944462,0.188856,-0.442128,0.101748,-26.46,71.96,-47.25
08:39:28.8,46.2198648333333,6.0825215,1.35555664,139,0,0.4,337,19,2.1944462,0.253272,-0.61854,0.14274,-35.77,52.43,-44.17
08:39:28.8,46.2198648333333,6.0825215,1.35555664,139,0,0.4,337,19,2.1944462,0.327936,-0.654408,0.233508,-45.85,39.06,-35
08:39:28.8,46.2198648333333,6.0825215,1.35555664,139,0,0.4,337,19,2.1944462,0.354288,-0.49776,0.366732,-45.92,26.53,-25.62
08:39:28.8,46.2198648333333,6.0825215,1.35555664,139,0,0.4,337,19,2.1944462,0.34404,-0.284016,0.392352,-35.98,19.04,-27.3
08:39:28.9,46.2198653333333,6.0825205,1.0000008,139,0,0.4,337,19,3.5555584,0.282552,-0.151524,0.28548,-33.18,31.71,-34.16
08:39:28.9,46.2198653333333,6.0825205,1.0000008,139,0,0.4,337,19,3.5555584,0.188124,-0.008784,0.27084,-42.35,45.01,-39.97
08:39:28.9,46.2198653333333,6.0825205,1.0000008,139,0,0.4,337,19,3.5555584,0.1281,0.271572,0.460428,-51.24,42.56,-43.19
08:39:28.9,46.2198653333333,6.0825205,1.0000008,139,0,0.4,337,19,3.5555584,0.144936,0.718824,0.620004,-51.38,36.47,-39.9
08:39:28.9,46.2198653333333,6.0825205,1.0000008,139,0,0.4,337,19,3.5555584,0.266448,1.291248,0.612684,-48.93,16.59,-38.43
08:39:28.9,46.2198653333333,6.0825205,1.0000008,139,0,0.4,337,19,3.5555584,0.447984,1.886364,0.65514,-51.17,-11.34,-35.98
08:39:28.9,46.2198653333333,6.0825205,1.0000008,139,0,0.4,337,19,3.5555584,0.491904,2.219424,0.80886,-48.86,-19.04,-20.02
08:39:28.9,46.2198653333333,6.0825205,1.0000008,139,0,0.4,337,19,3.5555584,0.415044,2.053992,0.943548,-45.5,-2.87,-4.48
08:39:28.9,46.2198653333333,6.0825205,1.0000008,139,0,0.4,337,19,3.5555584,0.401136,1.805112,1.071648,-25.69,-12.46,9.1
08:39:28.9,46.2198653333333,6.0825205,1.0000008,139,0,0.4,337,19,3.5555584,0.434076,1.780224,1.136064,-3.01,-31.01,24.57
08:39:29.0,46.219866,6.0825185,1.57222348,139,0,0.4,337,19,5.7222268,0.494832,1.714344,1.076772,-3.64,-43.54,32.27
08:39:29.0,46.219866,6.0825185,1.57222348,139,0,0.4,337,19,5.7222268,0.488976,1.602348,0.990396,-4.97,-52.22,39.83
08:39:29.0,46.219866,6.0825185,1.57222348,139,0,0.4,337,19,5.7222268,0.364536,1.51524,0.90768,-7,-59.78,41.79
08:39:29.0,46.219866,6.0825185,1.57222348,139,0,0.4,337,19,5.7222268,0.251076,1.4274,0.841068,-14.91,-69.23,42.7
08:39:29.0,46.219866,6.0825185,1.57222348,139,0,0.4,337,19,5.7222268,0.19764,1.330776,0.778848,-17.5,-76.65,41.93
08:39:29.0,46.219866,6.0825185,1.57222348,139,0,0.4,337,19,5.7222268,0.183732,1.199748,0.679296,-16.73,-80.08,41.58
08:39:29.0,46.219866,6.0825185,1.57222348,139,0,0.4,337,19,5.7222268,0.187392,1.077504,0.576084,-13.86,-77.63,43.19
08:39:29.0,46.219866,6.0825185,1.57222348,139,0,0.4,337,19,5.7222268,0.178608,0.945012,0.488244,-5.67,-75.18,46.76
08:39:29.0,46.219866,6.0825185,1.57222348,139,0,0.4,337,19,5.7222268,0.150792,0.80886,0.39528,5.46,-72.8,51.17
08:39:29.0,46.219866,6.0825185,1.57222348,139,0,0.4,337,19,5.7222268,0.1281,0.692472,0.310368,15.82,-70.28,54.11
08:39:29.1,46.219866,6.08251683333333,1.39166778,138,0,0.4,0,0,1.805557,0.08052,0.562176,0.244488,20.44,-68.95,54.88
08:39:29.1,46.219866,6.08251683333333,1.39166778,138,0,0.4,0,0,1.805557,-0.004392,0.400404,0.209352,19.67,-63.42,48.72
08:39:29.1,46.219866,6.08251683333333,1.39166778,138,0,0.4,0,0,1.805557,-0.054168,0.185928,0.207888,17.43,-56.91,39.2
08:39:29.1,46.219866,6.08251683333333,1.39166778,138,0,0.4,0,0,1.805557,-0.039528,-0.070272,0.249612,11.34,-59.99,34.51
08:39:29.1,46.219866,6.08251683333333,1.39166778,138,0,0.4,0,0,1.805557,-0.035136,-0.31476,0.352092,3.78,-67.76,36.4
08:39:29.1,46.219866,6.08251683333333,1.39166778,138,0,0.4,0,0,1.805557,-0.049776,-0.53802,0.499224,3.64,-69.93,36.68
08:39:29.1,46.219866,6.08251683333333,1.39166778,138,0,0.4,0,0,1.805557,-0.02196,-0.639768,0.617076,7.56,-70.56,38.01
08:39:29.1,46.219866,6.08251683333333,1.39166778,138,0,0.4,0,0,1.805557,0.040992,-0.414312,0.60756,8.89,-90.93,42.63
08:39:29.1,46.219866,6.08251683333333,1.39166778,138,0,0.4,0,0,1.805557,0.073932,-0.026352,0.529968,4.34,-125.93,44.66
08:39:29.1,46.219866,6.08251683333333,1.39166778,138,0,0.4,0,0,1.805557,-0.004392,0.33672,0.433344,-10.43,-142.31,44.73
08:39:29.2,46.2198656666667,6.082515,1.38333444,138,0,0.4,337,19,0.0833333999999986,-0.2013,0.816912,0.357948,-38.22,-116.48,42
08:39:29.2,46.2198656666667,6.082515,1.38333444,138,0,0.4,337,19,0.0833333999999986,-0.478728,1.41642,0.456036,-63.77,-50.47,37.8
08:39:29.2,46.2198656666667,6.082515,1.38333444,138,0,0.4,337,19,0.0833333999999986,-0.760548,1.964688,0.670512,-56.7,2.87,31.5
08:39:29.2,46.2198656666667,6.082515,1.38333444,138,0,0.4,337,19,0.0833333999999986,-1.026264,2.26554,0.732,-19.46,11.13,23.8
08:39:29.2,46.2198656666667,6.082515,1.38333444,138,0,0.4,337,19,0.0833333999999986,-1.125816,2.191608,0.802272,-19.74,23.66,20.79
08:39:29.2,46.2198656666667,6.082515,1.38333444,138,0,0.4,337,19,0.0833333999999986,-1.080432,1.913448,0.920856,-22.54,33.74,8.54
08:39:29.2,46.2198656666667,6.082515,1.38333444,138,0,0.4,337,19,0.0833333999999986,-1.087752,1.836588,0.937692,-7.7,54.04,-3.36
08:39:29.2,46.2198656666667,6.082515,1.38333444,138,0,0.4,337,19,0.0833333999999986,-0.990396,1.82634,0.891576,-7.91,67.27,-16.87
08:39:29.2,46.2198656666667,6.082515,1.38333444,138,0,0.4,337,19,0.0833333999999986,-0.78324,1.711416,0.831552,-18.41,69.02,-28.14
08:39:29.2,46.2198656666667,6.082515,1.38333444,138,0,0.4,337,19,0.0833333999999986,-0.571692,1.563552,0.803736,-15.82,78.75,-34.51
08:39:29.3,46.2198661666667,6.08251266666667,1.75277918,138,0,0.4,337,19,3.6944474,-0.408456,1.392264,0.748836,-14.7,84.07,-34.93
08:39:29.3,46.2198661666667,6.08251266666667,1.75277918,138,0,0.4,337,19,3.6944474,-0.325008,1.245864,0.670512,-8.47,93.03,-36.26
08:39:29.3,46.2198661666667,6.08251266666667,1.75277918,138,0,0.4,337,19,3.6944474,-0.294264,1.086288,0.528504,-3.64,101.01,-38.22
08:39:29.3,46.2198661666667,6.08251266666667,1.75277918,138,0,0.4,337,19,3.6944474,-0.310368,0.934032,0.368928,-3.29,111.86,-42.49
08:39:29.3,46.2198661666667,6.08251266666667,1.75277918,138,0,0.4,337,19,3.6944474,-0.321348,0.798612,0.254736,-2.73,120.61,-50.26
08:39:29.3,46.2198661666667,6.08251266666667,1.75277918,138,0,0.4,337,19,3.6944474,-0.305244,0.677832,0.17934,-2.31,121.94,-59.99
08:39:29.3,46.2198661666667,6.08251266666667,1.75277918,138,0,0.4,337,19,3.6944474,-0.273036,0.535824,0.121512,-3.92,116.62,-70.91
08:39:29.3,46.2198661666667,6.08251266666667,1.75277918,138,0,0.4,337,19,3.6944474,-0.199836,0.376248,0.066612,-4.27,114.17,-80.78
08:39:29.3,46.2198661666667,6.08251266666667,1.75277918,138,0,0.4,337,19,3.6944474,-0.042456,0.216672,0.084912,0.84,120.4,-81.62
08:39:29.3,46.2198661666667,6.08251266666667,1.75277918,138,0,0.4,337,19,3.6944474,0.188124,0,0.251076,18.27,121.94,-70
08:39:29.4,46.2198666666667,6.08251166666667,1.11388978,138,0,0.4,337,19,0,0.420168,-0.228384,0.433344,47.39,103.04,-52.01
08:39:29.4,46.2198666666667,6.08251166666667,1.11388978,138,0,0.4,337,19,0,0.562176,-0.339648,0.370392,63.28,67.41,-44.66
08:39:29.4,46.2198666666667,6.08251166666667,1.11388978,138,0,0.4,337,19,0,0.620004,-0.34038,0.060756,46.48,52.92,-47.6
08:39:29.4,46.2198666666667,6.08251166666667,1.11388978,138,0,0.4,337,19,0,0.676368,-0.357948,-0.149328,21.84,70.7,-40.53
08:39:29.4,46.2198666666667,6.08251166666667,1.11388978,138,0,0.4,337,19,0,0.683688,-0.441396,-0.16836,6.3,78.05,-26.04
08:39:29.4,46.2198666666667,6.08251166666667,1.11388978,138,0,0.4,337,19,0,0.56364,-0.488244,-0.158844,-8.75,68.04,-23.31
08:39:29.4,46.2198666666667,6.08251166666667,1.11388978,138,0,0.4,337,19,0,0.36234,-0.427488,-0.13908,-27.79,52.01,-32.62
08:39:29.4,46.2198666666667,6.08251166666667,1.11388978,138,0,0.4,337,19,0,0.155916,-0.26352,-0.078324,-37.38,37.94,-39.48
08:39:29.4,46.2198666666667,6.08251166666667,1.11388978,138,0,0.4,337,19,0,0.011712,-0.0366,0.016104,-37.24,20.58,-47.25
08:39:29.4,46.2198666666667,6.08251166666667,1.11388978,138,0,0.4,337,19,0,-0.0183,0.20496,0.143472,-33.39,-4.76,-56.56
08:39:29.5,46.2198673333333,6.08251066666667,1.0833342,138,0,0.4,0,0,0.305555800000001,0.048312,0.497028,0.304512,-29.12,-41.23,-60.69
08:39:29.5,46.2198673333333,6.08251066666667,1.0833342,138,0,0.4,0,0,0.305555800000001,0.14274,0.92232,0.462624,-32.13,-92.05,-61.6
08:39:29.5,46.2198673333333,6.08251066666667,1.0833342,138,0,0.4,0,0,0.305555800000001,0.155184,1.485228,0.450912,-49.63,-127.54,-62.86
08:39:29.5,46.2198673333333,6.08251066666667,1.0833342,138,0,0.4,0,0,0.305555800000001,-0.038064,2.157204,0.390888,-83.16,-54.6,-43.82
08:39:29.5,46.2198673333333,6.08251066666667,1.0833342,138,0,0.4,0,0,0.305555800000001,-0.222528,2.60592,0.664656,-53.97,98.07,-22.68
08:39:29.5,46.2198673333333,6.08251066666667,1.0833342,138,0,0.4,0,0,0.305555800000001,-0.238632,2.490264,0.756888,63.14,149.59,-21
08:39:29.5,46.2198673333333,6.08251066666667,1.0833342,138,0,0.4,0,0,0.305555800000001,-0.177876,2.55468,0.775188,71.33,112,-12.6
08:39:29.5,46.2198673333333,6.08251066666667,1.0833342,138,0,0.4,0,0,0.305555800000001,-0.070272,2.916288,1.111176,12.04,35.21,-10.78
08:39:29.5,46.2198673333333,6.08251066666667,1.0833342,138,0,0.4,0,0,0.305555800000001,0.203496,2.864316,1.213656,43.12,14.49,-16.87
08:39:29.5,46.2198673333333,6.08251066666667,1.0833342,138,0,0.4,0,0,0.305555800000001,0.503616,2.612508,1.155828,60.76,2.24,-21
08:39:29.6,46.2198676666667,6.08250833333333,1.75555696,138,0,0.4,337,19,0,0.560712,2.482212,1.169736,39.97,-3.5,-24.22
08:39:29.6,46.2198676666667,6.08250833333333,1.75555696,138,0,0.4,337,19,0,0.510936,2.488068,1.261968,22.19,-7.35,-26.53
08:39:29.6,46.2198676666667,6.08250833333333,1.75555696,138,0,0.4,337,19,0,0.467016,2.493924,1.319796,15.68,-13.58,-28.63
08:39:29.6,46.2198676666667,6.08250833333333,1.75555696,138,0,0.4,337,19,0,0.420168,2.351184,1.209264,21,-14.49,-28.77
08:39:29.6,46.2198676666667,6.08250833333333,1.75555696,138,0,0.4,337,19,0,0.36234,2.103768,1.059936,29.26,-16.1,-30.38
08:39:29.6,46.2198676666667,6.08250833333333,1.75555696,138,0,0.4,337,19,0,0.305244,1.81536,0.915732,41.44,-22.12,-30.52
08:39:29.6,46.2198676666667,6.08250833333333,1.75555696,138,0,0.4,337,19,0,0.244488,1.481568,0.748104,55.65,-27.65,-29.68
08:39:29.6,46.2198676666667,6.08250833333333,1.75555696,138,0,0.4,337,19,0,0.184464,1.169004,0.632448,70.49,-31.29,-26.46
08:39:29.6,46.2198676666667,6.08250833333333,1.75555696,138,0,0.4,337,19,0,0.138348,0.947208,0.57828,94.36,-32.27,-21
08:39:29.6,46.2198676666667,6.08250833333333,1.75555696,138,0,0.4,337,19,0,0.10614,0.707112,0.459696,117.74,-22.47,-13.86
08:39:29.7,46.2198676666667,6.082507,1.14722314,138,0,0.4,337,19,0,0.073932,0.41724,0.312564,121.94,-7.21,-6.51
08:39:29.7,46.2198676666667,6.082507,1.14722314,138,0,0.4,337,19,0,0.040992,0.194712,0.213012,121.59,2.66,3.22
08:39:29.7,46.2198676666667,6.082507,1.14722314,138,0,0.4,337,19,0,0.01464,0.017568,0.121512,118.79,6.16,14.21
08:39:29.7,46.2198676666667,6.082507,1.14722314,138,0,0.4,337,19,0,-0.00732,-0.155184,0.046848,107.87,-1.12,22.12
08:39:29.7,46.2198676666667,6.082507,1.14722314,138,0,0.4,337,19,0,-0.016104,-0.32208,-0.02196,87.71,-9.87,25.62
08:39:29.7,46.2198676666667,6.082507,1.14722314,138,0,0.4,337,19,0,-0.0366,-0.456036,-0.081984,58.52,-12.04,27.23
08:39:29.7,46.2198676666667,6.082507,1.14722314,138,0,0.4,337,19,0,-0.099552,-0.55632,-0.1098,24.15,-10.01,22.47
08:39:29.7,46.2198676666667,6.082507,1.14722314,138,0,0.4,337,19,0,-0.169092,-0.628056,-0.06588,-8.4,1.05,9.24
08:39:29.7,46.2198676666667,6.082507,1.14722314,138,0,0.4,337,19,0,-0.170556,-0.604632,0.128832,-15.75,30.31,-1.26
08:39:29.7,46.2198676666667,6.082507,1.14722314,138,0,0.4,337,19,0,-0.090036,-0.408456,0.338184,17.92,60.62,2.17
08:39:29.8,46.2198671666667,6.082505,1.44722338,139,0,0.4,0,0,3.0000024,-0.027816,0.004392,-0.160308,16.1,-24.92,17.15
08:39:29.8,46.2198671666667,6.082505,1.44722338,139,0,0.4,0,0,3.0000024,-0.084912,-0.017568,-0.160308,19.53,-18.41,9.94
08:39:29.8,46.2198671666667,6.082505,1.44722338,139,0,0.4,0,0,3.0000024,-0.133956,-0.019764,-0.141276,22.26,-16.73,4.69
08:39:29.8,46.2198671666667,6.082505,1.44722338,139,0,0.4,0,0,3.0000024,-0.19032,-0.002928,-0.105408,23.1,-13.58,0.56
08:39:29.8,46.2198671666667,6.082505,1.44722338,139,0,0.4,0,0,3.0000024,-0.25254,0.041724,-0.022692,23.1,-8.47,-2.17
08:39:29.8,46.2198671666667,6.082505,1.44722338,139,0,0.4,0,0,3.0000024,-0.325008,0.09882,0.15372,30.87,4.06,-0.56
08:39:29.8,46.2198671666667,6.082505,1.44722338,139,0,0.4,0,0,3.0000024,-0.345504,0.178608,0.5124,56.14,39.62,7.84
08:39:29.8,46.2198671666667,6.082505,1.44722338,139,0,0.4,0,0,3.0000024,-0.292068,0.445056,1.073112,86.8,48.44,21.14
08:39:29.8,46.2198671666667,6.082505,1.44722338,139,0,0.4,0,0,3.0000024,-0.433344,1.181448,1.6287,95.62,60.69,27.79
08:39:29.8,46.2198671666667,6.082505,1.44722338,139,0,0.4,0,0,3.0000024,-0.751032,2.36802,1.47864,77.77,130.27,27.72
08:39:29.9,46.2198675,6.082503,1.59166794,139,0,0.4,337,19,1.4444456,-1.496208,3.881064,0.998448,183.12,106.61,12.39
08:39:29.9,46.2198675,6.082503,1.59166794,139,0,0.4,337,19,1.4444456,-2.171844,4.071384,1.217316,189.84,88.9,-53.41
08:39:29.9,46.2198675,6.082503,1.59166794,139,0,0.4,337,19,1.4444456,-1.382748,2.355576,1.497672,52.01,17.36,-144.41
08:39:29.9,46.2198675,6.082503,1.59166794,139,0,0.4,337,19,1.4444456,-0.196176,1.257576,1.336632,102.69,12.81,-126.63
08:39:29.9,46.2198675,6.082503,1.59166794,139,0,0.4,337,19,1.4444456,0.216672,1.040172,1.558428,68.88,-17.36,-102.55
08:39:29.9,46.2198675,6.082503,1.59166794,139,0,0.4,337,19,1.4444456,0.290604,0.597312,1.62138,109.9,-43.96,-81.48
08:39:29.9,46.2198675,6.082503,1.59166794,139,0,0.4,337,19,1.4444456,0.16104,0.235704,0.914268,152.6,-37.87,-71.4
08:39:29.9,46.2198675,6.082503,1.59166794,139,0,0.4,337,19,1.4444456,-0.081252,0.294264,0.576084,82.95,25.27,-66.15
08:39:29.9,46.2198675,6.082503,1.59166794,139,0,0.4,337,19,1.4444456,-0.272304,0.56364,0.895968,41.86,61.95,-60.76
08:39:29.9,46.2198675,6.082503,1.59166794,139,0,0.4,337,19,1.4444456,-0.371856,0.669048,1.300032,65.38,65.52,-45.92
08:39:30.0,46.2198673333333,6.082501,1.7777792,139,0,0.4,337,19,1.8611126,-0.421632,0.694668,1.382748,99.96,42.7,-35.84
08:39:30.0,46.2198673333333,6.082501,1.7777792,139,0,0.4,337,19,1.8611126,-0.377712,0.720288,1.213656,106.96,28.14,-35.21
08:39:30.0,46.2198673333333,6.082501,1.7777792,139,0,0.4,337,19,1.8611126,-0.273768,0.641232,1.171932,97.3,15.96,-36.05
08:39:30.0,46.2198673333333,6.082501,1.7777792,139,0,0.4,337,19,1.8611126,-0.200568,0.474336,1.210728,92.26,-3.64,-34.23
08:39:30.0,46.2198673333333,6.082501,1.7777792,139,0,0.4,337,19,1.8611126,-0.19398,0.297192,1.158024,86.94,-14.77,-30.8
08:39:30.0,46.2198673333333,6.082501,1.7777792,139,0,0.4,337,19,1.8611126,-0.220332,0.194712,1.077504,71.12,-11.2,-27.58
08:39:30.0,46.2198673333333,6.082501,1.7777792,139,0,0.4,337,19,1.8611126,-0.259128,0.15006,1.05042,53.9,-5.53,-23.17
08:39:30.0,46.2198673333333,6.082501,1.7777792,139,0,0.4,337,19,1.8611126,-0.315492,0.1464,1.026264,44.38,-1.19,-18.41
08:39:30.0,46.2198673333333,6.082501,1.7777792,139,0,0.4,337,19,1.8611126,-0.334524,0.228384,1.024068,37.66,4.13,-12.74
08:39:30.0,46.2198673333333,6.082501,1.7777792,139,0,0.4,337,19,1.8611126,-0.299388,0.37332,1.062864,34.02,1.26,-7
08:39:30.1,46.2198675,6.08249966666667,1.31388994,139,0,0.4,337,19,4.6388926,-0.242292,0.4941,1.075308,32.76,-7.63,-2.03
08:39:30.1,46.2198675,6.08249966666667,1.31388994,139,0,0.4,337,19,4.6388926,-0.184464,0.509472,1.102392,30.8,-19.18,1.19
08:39:30.1,46.2198675,6.08249966666667,1.31388994,139,0,0.4,337,19,4.6388926,-0.16836,0.420168,1.1346,29.33,-29.19,3.22
08:39:30.1,46.2198675,6.08249966666667,1.31388994,139,0,0.4,337,19,4.6388926,-0.200568,0.308172,1.137528,28.21,-30.73,4.62
08:39:30.1,46.2198675,6.08249966666667,1.31388994,139,0,0.4,337,19,4.6388926,-0.248148,0.2379,1.137528,27.3,-26.67,6.02
08:39:30.1,46.2198675,6.08249966666667,1.31388994,139,0,0.4,337,19,4.6388926,-0.305244,0.228384,1.133136,26.11,-21.7,7.21
08:39:30.1,46.2198675,6.08249966666667,1.31388994,139,0,0.4,337,19,4.6388926,-0.355752,0.261324,1.119228,22.89,-18.27,7.14
08:39:30.1,46.2198675,6.08249966666667,1.31388994,139,0,0.4,337,19,4.6388926,-0.390888,0.311832,1.11264,18.9,-16.66,6.51
08:39:30.1,46.2198675,6.08249966666667,1.31388994,139,0,0.4,337,19,4.6388926,-0.410652,0.355752,1.107516,15.54,-15.61,5.53
08:39:30.1,46.2198675,6.08249966666667,1.31388994,139,0,0.4,337,19,4.6388926,-0.394548,0.366732,1.106784,12.53,-16.66,4.34
08:39:30.2,46.219867,6.08249883333333,0.80277842,139,0,0.4,337,19,5.1111152,-0.33306,0.346968,1.11264,11.13,-21.56,3.85
08:39:30.2,46.219867,6.08249883333333,0.80277842,139,0,0.4,337,19,5.1111152,-0.259128,0.306708,1.095072,7.63,-27.65,4.13
08:39:30.2,46.219867,6.08249883333333,0.80277842,139,0,0.4,337,19,5.1111152,-0.20862,0.269376,1.082628,1.75,-31.43,5.53
08:39:30.2,46.219867,6.08249883333333,0.80277842,139,0,0.4,337,19,5.1111152,-0.191784,0.256932,1.102392,-3.15,-33.32,7.77
08:39:30.2,46.219867,6.08249883333333,0.80277842,139,0,0.4,337,19,5.1111152,-0.205692,0.273768,1.111176,-6.72,-34.09,9.66
08:39:30.2,46.219867,6.08249883333333,0.80277842,139,0,0.4,337,19,5.1111152,-0.247416,0.302316,1.093608,-10.01,-32.34,10.64
08:39:30.2,46.219867,6.08249883333333,0.80277842,139,0,0.4,337,19,5.1111152,-0.30012,0.326472,1.07604,-13.16,-28.7,10.99
08:39:30.2,46.219867,6.08249883333333,0.80277842,139,0,0.4,337,19,5.1111152,-0.346968,0.341844,1.07238,-14.91,-25.69,11.13
08:39:30.2,46.219867,6.08249883333333,0.80277842,139,0,0.4,337,19,5.1111152,-0.381372,0.352824,1.08336,-15.61,-23.24,11.13
08:39:30.2,46.219867,6.08249883333333,0.80277842,139,0,0.4,337,19,5.1111152,-0.397476,0.363072,1.086288,-17.08,-21.7,10.78
08:39:30.3,46.2198668333333,6.08249833333333,0.59166714,138,0,0.4,0,0,2.1111128,-0.396744,0.368928,1.08336,-18.2,-21.49,10.01
08:39:30.3,46.2198668333333,6.08249833333333,0.59166714,138,0,0.4,0,0,2.1111128,-0.386496,0.371856,1.09434,-18.76,-21,9.17
08:39:30.3,46.2198668333333,6.08249833333333,0.59166714,138,0,0.4,0,0,2.1111128,-0.366,0.377712,1.104588,-20.86,-20.72,8.68
08:39:30.3,46.2198668333333,6.08249833333333,0.59166714,138,0,0.4,0,0,2.1111128,-0.333792,0.393084,1.103124,-22.68,-21.77,8.26
08:39:30.3,46.2198668333333,6.08249833333333,0.59166714,138,0,0.4,0,0,2.1111128,-0.305244,0.414312,1.099464,-22.82,-22.82,7.98
08:39:30.3,46.2198668333333,6.08249833333333,0.59166714,138,0,0.4,0,0,2.1111128,-0.295728,0.430416,1.106052,-21.98,-22.75,7.98
08:39:30.3,46.2198668333333,6.08249833333333,0.59166714,138,0,0.4,0,0,2.1111128,-0.29646,0.438468,1.106052,-22.12,-23.31,7.84
08:39:30.3,46.2198668333333,6.08249833333333,0.59166714,138,0,0.4,0,0,2.1111128,-0.306708,0.445056,1.092144,-22.12,-22.75,7.77
08:39:30.3,46.2198668333333,6.08249833333333,0.59166714,138,0,0.4,0,0,2.1111128,-0.325008,0.452376,1.095072,-21.98,-20.93,7.77
08:39:30.3,46.2198668333333,6.08249833333333,0.59166714,138,0,0.4,0,0,2.1111128,-0.345504,0.459696,1.102392,-21.91,-19.67,7.7
08:39:30.4,46.2198668333333,6.08249766666667,0.50833374,138,0,0.4,337,19,0.833334,-0.361608,0.46848,1.098732,-21.28,-16.73,7.35
08:39:30.4,46.2198668333333,6.08249766666667,0.50833374,138,0,0.4,337,19,0.833334,-0.371124,0.473604,1.102392,-20.79,-14.91,7.49
08:39:30.4,46.2198668333333,6.08249766666667,0.50833374,138,0,0.4,337,19,0.833334,-0.374784,0.467748,1.095804,-21.21,-13.58,7.98
08:39:30.4,46.2198668333333,6.08249766666667,0.50833374,138,0,0.4,337,19,0.833334,-0.378444,0.456036,1.089216,-22.54,-10.57,8.47
08:39:30.4,46.2198668333333,6.08249766666667,0.50833374,138,0,0.4,337,19,0.833334,-0.390888,0.451644,1.078968,-23.38,-10.92,9.03
08:39:30.4,46.2198668333333,6.08249766666667,0.50833374,138,0,0.4,337,19,0.833334,-0.401868,0.450912,1.060668,-24.29,-10.29,8.61
08:39:30.4,46.2198668333333,6.08249766666667,0.50833374,138,0,0.4,337,19,0.833334,-0.40626,0.447984,1.05774,-25.48,-10.15,8.61
08:39:30.4,46.2198668333333,6.08249766666667,0.50833374,138,0,0.4,337,19,0.833334,-0.40626,0.455304,1.051152,-26.11,-10.92,8.82
08:39:30.4,46.2198668333333,6.08249766666667,0.50833374,138,0,0.4,337,19,0.833334,-0.4026,0.480192,1.03944,-28.49,-11.27,9.66
08:39:30.4,46.2198668333333,6.08249766666667,0.50833374,138,0,0.4,337,19,0.833334,-0.399672,0.510936,1.043832,-29.96,-9.8,10.22
08:39:30.5,46.219867,6.08249733333333,0.34166694,138,0,0.4,337,19,1.666668,-0.40992,0.531432,1.029924,-28.28,-10.57,11.55
08:39:30.5,46.219867,6.08249733333333,0.34166694,138,0,0.4,337,19,1.666668,-0.42456,0.547536,0.979416,-27.23,-9.87,13.16
08:39:30.5,46.219867,6.08249733333333,0.34166694,138,0,0.4,337,19,1.666668,-0.417972,0.557784,0.925248,-26.88,-7.07,14.56
08:39:30.5,46.219867,6.08249733333333,0.34166694,138,0,0.4,337,19,1.666668,-0.396744,0.554856,0.927444,-28.98,-2.66,15.89
08:39:30.5,46.219867,6.08249733333333,0.34166694,138,0,0.4,337,19,1.666668,-0.393084,0.5673,1.00284,-30.1,1.54,18.41
08:39:30.5,46.219867,6.08249733333333,0.34166694,138,0,0.4,337,19,1.666668,-0.411384,0.60756,1.037244,-31.15,-0.63,21.14
08:39:30.5,46.219867,6.08249733333333,0.34166694,138,0,0.4,337,19,1.666668,-0.437736,0.630984,1.03944,-30.03,-1.96,23.31
08:39:30.5,46.219867,6.08249733333333,0.34166694,138,0,0.4,337,19,1.666668,-0.46848,0.638304,1.070184,-27.16,0.98,25.41
08:39:30.5,46.219867,6.08249733333333,0.34166694,138,0,0.4,337,19,1.666668,-0.488976,0.64416,1.093608,-25.34,3.29,26.11
08:39:30.5,46.219867,6.08249733333333,0.34166694,138,0,0.4,337,19,1.666668,-0.49044,0.639768,1.081896,-23.8,7.07,25.69
08:39:30.6,46.2198671666667,6.08249716666667,0,138,0,0.4,337,19,3.4166694,-0.488976,0.62586,1.0614,-23.31,13.65,25.34
08:39:30.6,46.2198671666667,6.08249716666667,0,138,0,0.4,337,19,3.4166694,-0.496296,0.612684,1.089216,-24.92,23.94,25.83
08:39:30.6,46.2198671666667,6.08249716666667,0,138,0,0.4,337,19,3.4166694,-0.493368,0.616344,1.113372,-25.2,28,27.23
08:39:30.6,46.2198671666667,6.08249716666667,0,138,0,0.4,337,19,3.4166694,-0.471408,0.639036,1.089216,-25.62,30.45,29.68
08:39:30.6,46.2198671666667,6.08249716666667,0,138,0,0.4,337,19,3.4166694,-0.434808,0.679296,1.078968,-27.65,34.23,33.11
08:39:30.6,46.2198671666667,6.08249716666667,0,138,0,0.4,337,19,3.4166694,-0.371856,0.719556,1.104588,-31.85,35.7,36.12
08:39:30.6,46.2198671666667,6.08249716666667,0,138,0,0.4,337,19,3.4166694,-0.286944,0.736392,1.132404,-38.64,29.05,37.87
08:39:30.6,46.2198671666667,6.08249716666667,0,138,0,0.4,337,19,3.4166694,-0.185928,0.729072,1.14924,-45.15,18.2,40.04
08:39:30.6,46.2198671666667,6.08249716666667,0,138,0,0.4,337,19,3.4166694,-0.076128,0.718092,1.179984,-51.24,4.69,44.59
08:39:30.6,46.2198671666667,6.08249716666667,0,138,0,0.4,337,19,3.4166694,-0.020496,0.718824,1.202676,-56.21,-6.93,51.1
08:39:30.7,46.2198675,6.08249716666667,0,139,0,0.4,0,0,0,-0.045384,0.71736,1.177788,-54.46,-12.04,56.07
08:39:30.7,46.2198675,6.08249716666667,0,139,0,0.4,0,0,0,-0.111264,0.693204,1.106784,-48.72,-13.16,58.17
08:39:30.7,46.2198675,6.08249716666667,0,139,0,0.4,0,0,0,-0.178608,0.652944,1.014552,-44.87,-8.33,59.08
08:39:30.7,46.2198675,6.08249716666667,0,139,0,0.4,0,0,0,-0.223992,0.597312,0.914268,-40.46,-4.41,58.45
08:39:30.7,46.2198675,6.08249716666667,0,139,0,0.4,0,0,0,-0.237168,0.51972,0.80886,-36.47,-3.85,56.07
08:39:30.7,46.2198675,6.08249716666667,0,139,0,0.4,0,0,0,-0.232776,0.432612,0.704916,-33.04,-0.77,53.55
08:39:30.7,46.2198675,6.08249716666667,0,139,0,0.4,0,0,0,-0.218136,0.331596,0.597312,-31.71,5.67,49.42
08:39:30.7,46.2198675,6.08249716666667,0,139,0,0.4,0,0,0,-0.183,0.223992,0.516792,-33.88,10.01,44.8
08:39:30.7,46.2198675,6.08249716666667,0,139,0,0.4,0,0,0,-0.15372,0.140544,0.467748,-35.35,11.97,41.02
08:39:30.7,46.2198675,6.08249716666667,0,139,0,0.4,0,0,0,-0.136884,0.074664,0.420168,-36.12,12.53,37.59
08:39:30.8,46.2198678333333,6.08249733333333,0.30277802,139,0,0.4,337,19,3.0277802,-0.130296,0.016104,0.342576,-36.96,12.6,35.35
08:39:30.8,46.2198678333333,6.08249733333333,0.30277802,139,0,0.4,337,19,3.0277802,-0.137616,-0.040992,0.242292,-39.13,11.83,32.55
08:39:30.8,46.2198678333333,6.08249733333333,0.30277802,139,0,0.4,337,19,3.0277802,-0.143472,-0.104676,0.15372,-45.57,8.68,29.12
08:39:30.8,46.2198678333333,6.08249733333333,0.30277802,139,0,0.4,337,19,3.0277802,-0.152988,-0.166896,0.0915,-56.28,6.3,24.71
08:39:30.8,46.2198678333333,6.08249733333333,0.30277802,139,0,0.4,337,19,3.0277802,-0.16836,-0.223992,0.049044,-68.11,9.24,18.34
08:39:30.8,46.2198678333333,6.08249733333333,0.30277802,139,0,0.4,337,19,3.0277802,-0.173484,-0.271572,0.011712,-79.8,15.26,13.23
08:39:30.8,46.2198678333333,6.08249733333333,0.30277802,139,0,0.4,337,19,3.0277802,-0.180072,-0.294996,-0.008052,-89.74,23.1,8.61
08:39:30.8,46.2198678333333,6.08249733333333,0.30277802,139,0,0.4,337,19,3.0277802,-0.185928,-0.294264,0.030744,-94.99,34.58,3.01
08:39:30.8,46.2198678333333,6.08249733333333,0.30277802,139,0,0.4,337,19,3.0277802,-0.15738,-0.237168,0.16104,-88.76,53.41,-1.12
08:39:30.8,46.2198678333333,6.08249733333333,0.30277802,139,0,0.4,337,19,3.0277802,-0.077592,-0.02562,0.363072,-67.34,71.26,1.12
08:39:30.9,46.2198681666667,6.08249783333333,0.49722262,139,0,0.4,337,19,1.944446,0.17568,0.401868,0.853512,-41.3,53.06,2.94
08:39:30.9,46.2198681666667,6.08249783333333,0.49722262,139,0,0.4,337,19,1.944446,0.465552,0.852048,1.16388,-27.65,-66.36,-8.82
08:39:30.9,46.2198681666667,6.08249783333333,0.49722262,139,0,0.4,337,19,1.944446,0.407724,1.05408,0.672708,-42.91,-136.78,-12.95
08:39:30.9,46.2198681666667,6.08249783333333,0.49722262,139,0,0.4,337,19,1.944446,0.213744,1.10166,0.114192,-65.38,-73.43,1.96
08:39:30.9,46.2198681666667,6.08249783333333,0.49722262,139,0,0.4,337,19,1.944446,0.223992,1.274412,0.276696,-79.17,3.43,11.76
08:39:30.9,46.2198681666667,6.08249783333333,0.49722262,139,0,0.4,337,19,1.944446,0.210816,1.642608,0.780312,-77.07,7.07,18.55
08:39:30.9,46.2198681666667,6.08249783333333,0.49722262,139,0,0.4,337,19,1.944446,0.092964,1.970544,0.931104,-69.09,17.64,28.56
08:39:30.9,46.2198681666667,6.08249783333333,0.49722262,139,0,0.4,337,19,1.944446,0.155184,2.092056,0.95892,-45.36,29.61,30.87
08:39:30.9,46.2198681666667,6.08249783333333,0.49722262,139,0,0.4,337,19,1.944446,0.335256,2.011536,1.077504,-15.05,26.74,29.33
08:39:30.9,46.2198681666667,6.08249783333333,0.49722262,139,0,0.4,337,19,1.944446,0.46116,1.8483,1.06872,5.18,8.54,20.86
08:39:31.0,46.2198685,6.0824985,0.60000048,139,0,0.4,337,19,1.0277786,0.57096,1.71288,1.016016,2.52,-14.63,10.01
08:39:31.0,46.2198685,6.0824985,0.60000048,139,0,0.4,337,19,1.0277786,0.656604,1.578924,0.972096,-5.74,-31.92,3.01
08:39:31.0,46.2198685,6.0824985,0.60000048,139,0,0.4,337,19,1.0277786,0.660996,1.425936,0.879864,-13.65,-42.28,1.4
08:39:31.0,46.2198685,6.0824985,0.60000048,139,0,0.4,337,19,1.0277786,0.57096,1.27368,0.81252,-18.34,-49.35,4.06
08:39:31.0,46.2198685,6.0824985,0.60000048,139,0,0.4,337,19,1.0277786,0.419436,1.169004,0.80154,-16.1,-57.19,7.7
08:39:31.0,46.2198685,6.0824985,0.60000048,139,0,0.4,337,19,1.0277786,0.267912,1.071648,0.758352,-8.19,-62.37,11.41
08:39:31.0,46.2198685,6.0824985,0.60000048,139,0,0.4,337,19,1.0277786,0.136152,0.930372,0.660264,-0.42,-64.89,15.47
08:39:31.0,46.2198685,6.0824985,0.60000048,139,0,0.4,337,19,1.0277786,0.057096,0.76128,0.54168,4.83,-68.81,19.46
08:39:31.0,46.2198685,6.0824985,0.60000048,139,0,0.4,337,19,1.0277786,0.079056,0.587064,0.430416,7.84,-75.46,24.78
08:39:31.0,46.2198685,6.0824985,0.60000048,139,0,0.4,337,19,1.0277786,0.149328,0.429684,0.333792,12.6,-83.51,32.83
08:39:31.2,46.219869,6.0824995,0.41944478,139,0,0.4,0,0,1.805557,0.205692,0.2928,0.25254,19.11,-88.48,43.33
08:39:31.2,46.219869,6.0824995,0.41944478,139,0,0.4,0,0,1.805557,0.25254,0.160308,0.187392,26.6,-95.55,58.1
08:39:31.2,46.219869,6.0824995,0.41944478,139,0,0.4,0,0,1.805557,0.267912,0.023424,0.133956,34.09,-108.36,73.92
08:39:31.2,46.219869,6.0824995,0.41944478,139,0,0.4,0,0,1.805557,0.249612,-0.1098,0.0915,38.64,-120.26,84.28
08:39:31.2,46.219869,6.0824995,0.41944478,139,0,0.4,0,0,1.805557,0.214476,-0.216672,0.042456,36.82,-135.73,90.79
08:39:31.2,46.219869,6.0824995,0.41944478,139,0,0.4,0,0,1.805557,0.143472,-0.284748,-0.020496,28,-149.52,92.05
08:39:31.2,46.219869,6.0824995,0.41944478,139,0,0.4,0,0,1.805557,0.055632,-0.320616,-0.076128,14.7,-151.9,88.27
08:39:31.2,46.219869,6.0824995,0.41944478,139,0,0.4,0,0,1.805557,-0.024888,-0.338184,-0.089304,0.49,-142.17,83.72
08:39:31.2,46.219869,6.0824995,0.41944478,139,0,0.4,0,0,1.805557,-0.093696,-0.338916,-0.045384,-11.55,-127.12,80.01
08:39:31.2,46.219869,6.0824995,0.41944478,139,0,0.4,0,0,1.805557,-0.162504,-0.264984,0.095892,-20.09,-115.71,76.02
08:39:31.3,46.2198686666667,6.0825,0.58055602,139,0,0.4,337,19,1.6111124,-0.245952,0.026352,0.320616,-28.35,-106.12,71.4
08:39:31.3,46.2198686666667,6.0825,0.58055602,139,0,0.4,337,19,1.6111124,-0.357948,0.582672,0.513864,-44.31,-73.43,71.61
08:39:31.3,46.2198686666667,6.0825,0.58055602,139,0,0.4,337,19,1.6111124,-0.469212,1.19682,0.609024,-55.16,-53.55,59.85
08:39:31.3,46.2198686666667,6.0825,0.58055602,139,0,0.4,337,19,1.6111124,-0.56364,1.647,0.62952,-28.98,-62.09,45.99
08:39:31.3,46.2198686666667,6.0825,0.58055602,139,0,0.4,337,19,1.6111124,-0.657336,1.974204,0.711504,-5.88,-52.01,45.78
08:39:31.3,46.2198686666667,6.0825,0.58055602,139,0,0.4,337,19,1.6111124,-0.644892,2.10816,0.766404,4.69,-44.8,41.65
08:39:31.3,46.2198686666667,6.0825,0.58055602,139,0,0.4,337,19,1.6111124,-0.594384,1.952976,0.879864,8.82,-27.65,40.11
08:39:31.3,46.2198686666667,6.0825,0.58055602,139,0,0.4,337,19,1.6111124,-0.60024,1.774368,1.089216,29.54,2.45,34.02
08:39:31.3,46.2198686666667,6.0825,0.58055602,139,0,0.4,337,19,1.6111124,-0.562176,1.714344,1.095072,52.85,7.07,28.49
08:39:31.3,46.2198686666667,6.0825,0.58055602,139,0,0.4,337,19,1.6111124,-0.483852,1.570872,1.001376,66.36,12.39,22.75
08:39:31.4,46.2198685,6.0825,0,139,0,0.4,337,19,5.8055602,-0.393816,1.316136,0.910608,73.71,21.28,14.28
08:39:31.4,46.2198685,6.0825,0,139,0,0.4,337,19,5.8055602,-0.30012,1.065792,0.793488,68.88,29.68,7.07
08:39:31.4,46.2198685,6.0825,0,139,0,0.4,337,19,5.8055602,-0.232776,0.881328,0.701256,65.1,41.44,2.17
08:39:31.4,46.2198685,6.0825,0,139,0,0.4,337,19,5.8055602,-0.203496,0.704184,0.597312,72.31,48.65,-0.07
08:39:31.4,46.2198685,6.0825,0,139,0,0.4,337,19,5.8055602,-0.218868,0.466284,0.440664,74.27,53.83,-2.52
08:39:31.4,46.2198685,6.0825,0,139,0,0.4,337,19,5.8055602,-0.249612,0.254004,0.325008,70.21,65.17,-8.26
08:39:31.4,46.2198685,6.0825,0,139,0,0.4,337,19,5.8055602,-0.243756,0.049776,0.259128,70.63,80.08,-17.01
08:39:31.4,46.2198685,6.0825,0,139,0,0.4,337,19,5.8055602,-0.21228,-0.185196,0.167628,63.77,94.15,-26.95
08:39:31.4,46.2198685,6.0825,0,139,0,0.4,337,19,5.8055602,-0.099552,-0.343308,0.185928,49.98,102.97,-34.09
08:39:31.4,46.2198685,6.0825,0,139,0,0.4,337,19,5.8055602,0.01464,-0.367464,0.243024,47.39,91.42,-37.24
08:39:31.5,46.2198685,6.08250116666667,0.6388894,139,0,0.4,337,19,0,0.051972,-0.379176,0.163968,31.92,73.92,-50.26
08:39:31.5,46.2198685,6.08250116666667,0.6388894,139,0,0.4,337,19,0,0.092964,-0.443592,0.114192,-0.98,70.21,-59.15
08:39:31.5,46.2198685,6.08250116666667,0.6388894,139,0,0.4,337,19,0,0.185928,-0.452376,0.321348,-26.39,77.98,-56
08:39:31.5,46.2198685,6.08250116666667,0.6388894,139,0,0.4,337,19,0,0.289872,-0.191052,0.65514,-27.86,61.46,-48.16
08:39:31.5,46.2198685,6.08250116666667,0.6388894,139,0,0.4,337,19,0,0.406992,0.251076,0.824232,-25.69,23.45,-47.39
08:39:31.5,46.2198685,6.08250116666667,0.6388894,139,0,0.4,337,19,0,0.643428,0.672708,0.928176,-37.8,-10.36,-49.49
08:39:31.5,46.2198685,6.08250116666667,0.6388894,139,0,0.4,337,19,0,0.964776,1.37616,1.027728,-67.69,-45.15,-49.77
08:39:31.5,46.2198685,6.08250116666667,0.6388894,139,0,0.4,337,19,0,1.142652,2.077416,1.059204,-67.55,-36.68,-44.03
08:39:31.5,46.2198685,6.08250116666667,0.6388894,139,0,0.4,337,19,0,1.003572,2.329224,1.078968,-24.29,-18.69,-28.14
08:39:31.5,46.2198685,6.08250116666667,0.6388894,139,0,0.4,337,19,0,0.671976,2.24724,1.201944,1.19,-1.54,-21.35
08:39:31.6,46.2198685,6.082502,0.63333384,139,0,0.4,0,0,0.0555556000000002,0.365268,2.048136,1.283928,19.46,17.29,-23.52
08:39:31.6,46.2198685,6.082502,0.63333384,139,0,0.4,0,0,0.0555556000000002,0.326472,1.973472,1.29564,27.44,18.97,-27.51
08:39:31.6,46.2198685,6.082502,0.63333384,139,0,0.4,0,0,0.0555556000000002,0.47214,1.858548,1.30662,27.72,18.83,-27.3
08:39:31.6,46.2198685,6.082502,0.63333384,139,0,0.4,0,0,0.0555556000000002,0.55632,1.685796,1.232688,22.68,23.24,-24.57
08:39:31.6,46.2198685,6.082502,0.63333384,139,0,0.4,0,0,0.0555556000000002,0.551196,1.597956,1.1529,5.67,14.63,-24.92
08:39:31.6,46.2198685,6.082502,0.63333384,139,0,0.4,0,0,0.0555556000000002,0.495564,1.536468,1.124352,-2.59,7.42,-25.34
08:39:31.6,46.2198685,6.082502,0.63333384,139,0,0.4,0,0,0.0555556000000002,0.426756,1.440576,1.071648,4.97,4.97,-23.73
08:39:31.6,46.2198685,6.082502,0.63333384,139,0,0.4,0,0,0.0555556000000002,0.348432,1.26636,0.969168,14,8.75,-22.26
08:39:31.6,46.2198685,6.082502,0.63333384,139,0,0.4,0,0,0.0555556000000002,0.267912,1.033584,0.882792,20.16,8.75,-21.91
08:39:31.6,46.2198685,6.082502,0.63333384,139,0,0.4,0,0,0.0555556000000002,0.206424,0.833016,0.800808,24.92,8.61,-19.81
08:39:31.7,46.219868,6.08250216666667,0.4027781,139,0,0.4,337,19,2.3055574,0.174216,0.669048,0.711504,27.16,6.72,-17.01
08:39:31.7,46.219868,6.08250216666667,0.4027781,139,0,0.4,337,19,2.3055574,0.15372,0.53436,0.623664,23.45,2.38,-14.91
08:39:31.7,46.219868,6.08250216666667,0.4027781,139,0,0.4,337,19,2.3055574,0.165432,0.432612,0.548268,16.94,-3.22,-12.46
08:39:31.7,46.219868,6.08250216666667,0.4027781,139,0,0.4,337,19,2.3055574,0.225456,0.32208,0.488976,10.78,-12.04,-9.1
08:39:31.7,46.219868,6.08250216666667,0.4027781,139,0,0.4,337,19,2.3055574,0.297192,0.183,0.431148,6.93,-23.66,-3.29
08:39:31.7,46.219868,6.08250216666667,0.4027781,139,0,0.4,337,19,2.3055574,0.349164,0.027816,0.349164,3.5,-34.09,4.13
08:39:31.7,46.219868,6.08250216666667,0.4027781,139,0,0.4,337,19,2.3055574,0.37332,-0.136884,0.266448,-3.15,-43.54,12.46
08:39:31.7,46.219868,6.08250216666667,0.4027781,139,0,0.4,337,19,2.3055574,0.376248,-0.288408,0.216672,-12.04,-52.57,20.09
08:39:31.7,46.219868,6.08250216666667,0.4027781,139,0,0.4,337,19,2.3055574,0.35868,-0.390156,0.188856,-21.07,-62.93,27.02
08:39:31.7,46.219868,6.08250216666667,0.4027781,139,0,0.4,337,19,2.3055574,0.325008,-0.43188,0.145668,-34.79,-74.69,28.28
08:39:31.8,46.219867,6.08250283333333,1.2083343,139,0,0.4,337,19,0,0.27816,-0.420168,0.101016,-51.45,-79.73,25.83
08:39:31.8,46.219867,6.08250283333333,1.2083343,139,0,0.4,337,19,0,0.207156,-0.364536,0.1098,-62.37,-77.91,22.05
08:39:31.8,46.219867,6.08250283333333,1.2083343,139,0,0.4,337,19,0,0.12444,-0.259128,0.193248,-63.84,-71.47,15.33
08:39:31.8,46.219867,6.08250283333333,1.2083343,139,0,0.4,337,19,0,0.06588,-0.079788,0.301584,-58.94,-62.79,8.12
08:39:31.8,46.219867,6.08250283333333,1.2083343,139,0,0.4,337,19,0,0,0.215208,0.401136,-56.49,-50.4,6.86
08:39:31.8,46.219867,6.08250283333333,1.2083343,139,0,0.4,337,19,0,-0.121512,0.638304,0.516792,-54.18,-20.86,9.45
08:39:31.8,46.219867,6.08250283333333,1.2083343,139,0,0.4,337,19,0,-0.21594,1.118496,0.67344,-51.87,5.39,8.33
08:39:31.8,46.219867,6.08250283333333,1.2083343,139,0,0.4,337,19,0,-0.262788,1.52622,0.869616,-51.45,0.42,-1.68
08:39:31.8,46.219867,6.08250283333333,1.2083343,139,0,0.4,337,19,0,-0.332328,1.790472,0.987468,-31.64,6.86,-10.08
08:39:31.8,46.219867,6.08250283333333,1.2083343,139,0,0.4,337,19,0,-0.349896,1.843176,0.910608,-14.07,5.81,-15.61
08:39:31.9,46.219866,6.082503,0.9583341,139,0,0.4,337,19,2.500002,-0.281088,1.67262,0.866688,-5.11,-16.38,-17.78
08:39:31.9,46.219866,6.082503,0.9583341,139,0,0.4,337,19,2.500002,-0.203496,1.488888,0.957456,5.6,-39.27,-11.76
08:39:31.9,46.219866,6.082503,0.9583341,139,0,0.4,337,19,2.500002,-0.163968,1.472784,1.033584,-0.7,-54.25,-0.21
08:39:31.9,46.219866,6.082503,0.9583341,139,0,0.4,337,19,2.500002,-0.089304,1.535736,1.125084,-15.26,-69.16,12.67
08:39:31.9,46.219866,6.082503,0.9583341,139,0,0.4,337,19,2.500002,-0.055632,1.586244,1.11264,-15.68,-75.6,26.88
08:39:31.9,46.219866,6.082503,0.9583341,139,0,0.4,337,19,2.500002,-0.1281,1.658712,1.036512,-25.55,-61.67,36.47
08:39:31.9,46.219866,6.082503,0.9583341,139,0,0.4,337,19,2.500002,-0.152988,1.664568,1.01748,-31.36,-53.97,40.95
08:39:31.9,46.219866,6.082503,0.9583341,139,0,0.4,337,19,2.500002,-0.125172,1.575996,0.939888,-28.77,-48.44,42.21
08:39:31.9,46.219866,6.082503,0.9583341,139,0,0.4,337,19,2.500002,-0.09516,1.494744,0.829356,-23.45,-39.27,44.45
08:39:31.9,46.219866,6.082503,0.9583341,139,0,0.4,337,19,2.500002,-0.10248,1.421544,0.747372,-19.32,-28.42,46.97
08:39:32.0,46.2198651666667,6.082503,0.93888964,139,0,0.4,337,19,0.1944446,-0.147864,1.321992,0.696864,-9.73,-15.19,49.07
08:39:32.0,46.2198651666667,6.082503,0.93888964,139,0,0.4,337,19,0.1944446,-0.196176,1.177056,0.635376,5.53,-2.45,48.51
08:39:32.0,46.2198651666667,6.082503,0.93888964,139,0,0.4,337,19,0.1944446,-0.223992,0.997716,0.543876,17.29,8.61,43.75
08:39:32.0,46.2198651666667,6.082503,0.93888964,139,0,0.4,337,19,0.1944446,-0.227652,0.807396,0.471408,23.94,14.07,36.89
08:39:32.0,46.2198651666667,6.082503,0.93888964,139,0,0.4,337,19,0.1944446,-0.215208,0.609024,0.399672,25.62,15.4,29.33
08:39:32.0,46.2198651666667,6.082503,0.93888964,139,0,0.4,337,19,0.1944446,-0.210816,0.428952,0.32208,17.22,19.18,20.02
08:39:32.0,46.2198651666667,6.082503,0.93888964,139,0,0.4,337,19,0.1944446,-0.192516,0.245952,0.28182,10.22,29.05,11.55
08:39:32.0,46.2198651666667,6.082503,0.93888964,139,0,0.4,337,19,0.1944446,-0.17202,0.08784,0.238632,4.41,31.92,5.74
08:39:32.0,46.2198651666667,6.082503,0.93888964,139,0,0.4,337,19,0.1944446,-0.174216,-0.016104,0.184464,-2.52,31.29,-1.26
08:39:32.0,46.2198651666667,6.082503,0.93888964,139,0,0.4,337,19,0.1944446,-0.167628,-0.086376,0.137616,-9.8,23.38,-8.33
08:39:32.1,46.2198638333333,6.08250366666667,1.53055678,139,0,0.4,0,0,5.9166714,-0.160308,-0.13908,0.079056,-17.01,15.54,-16.52
08:39:32.1,46.2198638333333,6.08250366666667,1.53055678,139,0,0.4,0,0,5.9166714,-0.183,-0.202032,0.030744,-24.29,22.19,-23.31
08:39:32.1,46.2198638333333,6.08250366666667,1.53055678,139,0,0.4,0,0,5.9166714,-0.244488,-0.286944,0.049776,-30.45,43.96,-30.52
08:39:32.1,46.2198638333333,6.08250366666667,1.53055678,139,0,0.4,0,0,5.9166714,-0.264984,-0.393084,0.120048,-30.52,70.56,-35.7
08:39:32.1,46.2198638333333,6.08250366666667,1.53055678,139,0,0.4,0,0,5.9166714,-0.240828,-0.474336,0.180804,-28.14,86.24,-29.68
08:39:32.1,46.2198638333333,6.08250366666667,1.53055678,139,0,0.4,0,0,5.9166714,-0.21228,-0.469944,0.217404,-24.5,83.79,-19.32
08:39:32.1,46.2198638333333,6.08250366666667,1.53055678,139,0,0.4,0,0,5.9166714,-0.194712,-0.394548,0.203496,-18.55,74.76,-10.5
08:39:32.1,46.2198638333333,6.08250366666667,1.53055678,139,0,0.4,0,0,5.9166714,-0.218136,-0.301584,0.185928,-19.46,77.84,-6.72
08:39:32.1,46.2198638333333,6.08250366666667,1.53055678,139,0,0.4,0,0,5.9166714,-0.269376,-0.182268,0.281088,-23.59,99.4,-8.26
08:39:32.1,46.2198638333333,6.08250366666667,1.53055678,139,0,0.4,0,0,5.9166714,-0.2562,0.030012,0.531432,-21.56,143.36,-10.36
08:39:32.2,46.2198625,6.08250433333333,1.4305567,139,0,0.4,337,19,1.0000008,-0.0732,0.399672,0.926712,-15.68,139.16,-11.97
08:39:32.2,46.2198625,6.08250433333333,1.4305567,139,0,0.4,337,19,1.0000008,0.171288,0.964044,1.25172,-6.44,18.97,-21.63
08:39:32.2,46.2198625,6.08250433333333,1.4305567,139,0,0.4,337,19,1.0000008,0.317688,1.608204,1.007964,13.79,-41.23,-26.53
08:39:32.2,46.2198625,6.08250433333333,1.4305567,139,0,0.4,337,19,1.0000008,0.438468,1.963224,0.77592,12.6,36.12,-42
08:39:32.2,46.2198625,6.08250433333333,1.4305567,139,0,0.4,337,19,1.0000008,0.158112,1.704828,1.172664,-25.13,103.11,-54.81
08:39:32.2,46.2198625,6.08250433333333,1.4305567,139,0,0.4,337,19,1.0000008,-0.404064,1.421544,1.363716,-3.29,136.36,-70.42
08:39:32.2,46.2198625,6.08250433333333,1.4305567,139,0,0.4,337,19,1.0000008,-0.560712,1.622112,1.248792,18.76,156.31,-77.91
08:39:32.2,46.2198625,6.08250433333333,1.4305567,139,0,0.4,337,19,1.0000008,-0.232776,1.785348,1.433988,4.9,147.77,-90.23
08:39:32.2,46.2198625,6.08250433333333,1.4305567,139,0,0.4,337,19,1.0000008,0.210084,1.819752,1.545252,12.11,120.19,-99.33
08:39:32.2,46.2198625,6.08250433333333,1.4305567,139,0,0.4,337,19,1.0000008,0.469944,1.945656,1.459608,-2.24,106.75,-110.04
08:39:32.3,46.2198618333333,6.08250466666667,0.82222288,139,0,0.4,337,19,0,0.613416,2.09718,1.494744,-30.24,92.19,-113.47
08:39:32.3,46.2198618333333,6.08250466666667,0.82222288,139,0,0.4,337,19,0,0.69906,2.25456,1.50426,-38.99,80.29,-110.6
08:39:32.3,46.2198618333333,6.08250466666667,0.82222288,139,0,0.4,337,19,0,0.696864,2.398032,1.470588,-35.28,78.89,-102.34
08:39:32.3,46.2198618333333,6.08250466666667,0.82222288,139,0,0.4,337,19,0,0.630984,2.400228,1.474248,-28.42,83.37,-93.94
08:39:32.3,46.2198618333333,6.08250466666667,0.82222288,139,0,0.4,337,19,0,0.619272,2.314584,1.483764,-21.56,72.45,-83.37
08:39:32.3,46.2198618333333,6.08250466666667,0.82222288,139,0,0.4,337,19,0,0.657336,2.20698,1.417152,-14.56,52.71,-74.55
08:39:32.3,46.2198618333333,6.08250466666667,0.82222288,139,0,0.4,337,19,0,0.72102,2.05326,1.293444,-11.34,30.45,-65.94
08:39:32.3,46.2198618333333,6.08250466666667,0.82222288,139,0,0.4,337,19,0,0.71736,1.875384,1.149972,-1.4,13.23,-57.05
08:39:32.3,46.2198618333333,6.08250466666667,0.82222288,139,0,0.4,337,19,0,0.630252,1.623576,0.991128,10.57,3.15,-49.28
08:39:32.3,46.2198618333333,6.08250466666667,0.82222288,139,0,0.4,337,19,0,0.529236,1.36884,0.840336,16.1,-10.71,-40.81
08:39:32.4,46.2198608333333,6.082505,1.15555648,139,0,0.4,337,19,3.333336,0.4209,1.146312,0.704184,21,-21.42,-32.69
08:39:32.4,46.2198608333333,6.082505,1.15555648,139,0,0.4,337,19,3.333336,0.32208,0.924516,0.60024,31.15,-23.17,-22.4
08:39:32.4,46.2198608333333,6.082505,1.15555648,139,0,0.4,337,19,3.333336,0.24156,0.734928,0.498492,42.7,-22.68,-13.37
08:39:32.4,46.2198608333333,6.082505,1.15555648,139,0,0.4,337,19,3.333336,0.176412,0.576816,0.393816,51.24,-21,-5.81
08:39:32.4,46.2198608333333,6.082505,1.15555648,139,0,0.4,337,19,3.333336,0.112728,0.436272,0.304512,56.07,-22.75,2.87
08:39:32.4,46.2198608333333,6.082505,1.15555648,139,0,0.4,337,19,3.333336,0.061488,0.290604,0.23424,57.82,-30.87,9.38
08:39:32.4,46.2198608333333,6.082505,1.15555648,139,0,0.4,337,19,3.333336,0.04392,0.125904,0.176412,58.45,-42.21,15.05
08:39:32.4,46.2198608333333,6.082505,1.15555648,139,0,0.4,337,19,3.333336,0.035136,-0.004392,0.127368,57.68,-48.02,22.4
08:39:32.4,46.2198608333333,6.082505,1.15555648,139,0,0.4,337,19,3.333336,0.02928,-0.101016,0.105408,56.56,-49.77,28.91
08:39:32.4,46.2198608333333,6.082505,1.15555648,139,0,0.4,337,19,3.333336,0.049776,-0.215208,0.098088,52.5,-55.79,32.2
08:39:32.5,46.219859,6.08250533333333,1.9722238,140,0,0.4,0,0,0,0.08418,-0.337452,0.08052,43.19,-66.92,35.28
08:39:32.5,46.219859,6.08250533333333,1.9722238,140,0,0.4,0,0,0,0.103212,-0.39528,0.054168,30.52,-74.9,39.55
08:39:32.5,46.219859,6.08250533333333,1.9722238,140,0,0.4,0,0,0,0.096624,-0.353556,0.030012,17.57,-79.17,40.18
08:39:32.5,46.219859,6.08250533333333,1.9722238,140,0,0.4,0,0,0,0.086376,-0.250344,0.02196,10.57,-77.91,35.21
08:39:32.5,46.219859,6.08250533333333,1.9722238,140,0,0.4,0,0,0,0.071736,-0.169824,0.031476,11.55,-74.69,29.33
08:39:32.5,46.219859,6.08250533333333,1.9722238,140,0,0.4,0,0,0,0.035136,-0.144936,0.03294,14.07,-76.02,25.62
08:39:32.5,46.219859,6.08250533333333,1.9722238,140,0,0.4,0,0,0,-0.008784,-0.137616,0.020496,15.33,-78.4,23.31
08:39:32.5,46.219859,6.08250533333333,1.9722238,140,0,0.4,0,0,0,-0.042456,-0.129564,0.005856,16.31,-78.96,22.05
08:39:32.5,46.219859,6.08250533333333,1.9722238,140,0,0.4,0,0,0,-0.06588,-0.112728,-0.005124,16.66,-77.84,21.07
08:39:32.5,46.219859,6.08250533333333,1.9722238,140,0,0.4,0,0,0,-0.083448,-0.084912,-0.01464,16.73,-75.18,19.67
08:39:32.6,46.2198573333333,6.08250533333333,1.84166814,140,0,0.4,337,19,1.3055566,-0.096624,-0.05856,-0.023424,17.5,-69.86,18.97
08:39:32.6,46.2198573333333,6.08250533333333,1.84166814,140,0,0.4,337,19,1.3055566,-0.10248,-0.046848,-0.030012,18.48,-63.28,19.39
08:39:32.6,46.2198573333333,6.08250533333333,1.84166814,140,0,0.4,337,19,1.3055566,-0.089304,-0.05124,-0.0366,19.39,-55.72,21.28
08:39:32.6,46.2198573333333,6.08250533333333,1.84166814,140,0,0.4,337,19,1.3055566,-0.056364,-0.06588,-0.042456,18.83,-49.35,24.22
08:39:32.6,46.2198573333333,6.08250533333333,1.84166814,140,0,0.4,337,19,1.3055566,-0.016104,-0.079788,-0.04758,14.84,-47.46,26.18
08:39:32.6,46.2198573333333,6.08250533333333,1.84166814,140,0,0.4,337,19,1.3055566,0.01098,-0.0915,-0.053436,7.7,-49.63,26.88
08:39:32.6,46.2198573333333,6.08250533333333,1.84166814,140,0,0.4,337,19,1.3055566,0.015372,-0.103212,-0.0549,-0.07,-52.92,25.9
08:39:32.6,46.2198573333333,6.08250533333333,1.84166814,140,0,0.4,337,19,1.3055566,0.001464,-0.118584,-0.04758,-6.23,-55.02,24.71
08:39:32.6,46.2198573333333,6.08250533333333,1.84166814,140,0,0.4,337,19,1.3055566,-0.017568,-0.130296,-0.037332,-9.52,-56.14,24.71
08:39:32.6,46.2198573333333,6.08250533333333,1.84166814,140,0,0.4,337,19,1.3055566,-0.030012,-0.128832,-0.035136,-10.5,-55.79,26.46
08:39:32.7,46.2198563333333,6.082505,1.36944554,140,0,0.4,337,19,4.722226,-0.033672,-0.099552,-0.041724,-10.64,-54.6,29.75
08:39:32.7,46.2198563333333,6.082505,1.36944554,140,0,0.4,337,19,4.722226,-0.042456,-0.051972,-0.048312,-10.08,-53.27,34.3
08:39:32.7,46.2198563333333,6.082505,1.36944554,140,0,0.4,337,19,4.722226,-0.052704,-0.009516,-0.04758,-8.33,-53.48,38.08
08:39:32.7,46.2198563333333,6.082505,1.36944554,140,0,0.4,337,19,4.722226,-0.05856,0.026352,-0.042456,-5.18,-56,40.6
08:39:32.7,46.2198563333333,6.082505,1.36944554,140,0,0.4,337,19,4.722226,-0.0732,0.049776,-0.016104,-1.33,-57.33,41.44
08:39:32.7,46.2198563333333,6.082505,1.36944554,140,0,0.4,337,19,4.722226,-0.106872,0.105408,0.08784,4.97,-45.36,42.21
08:39:32.7,46.2198563333333,6.082505,1.36944554,140,0,0.4,337,19,4.722226,-0.17568,0.349896,0.903288,27.58,-4.9,44.38
08:39:32.7,46.2198563333333,6.082505,1.36944554,140,0,0.4,337,19,4.722226,-0.222528,0.811788,1.70556,77.77,78.75,47.95
08:39:32.7,46.2198563333333,6.082505,1.36944554,140,0,0.4,337,19,4.722226,-0.437004,1.485228,1.213656,33.6,58.45,45.36
08:39:32.7,46.2198563333333,6.082505,1.36944554,140,0,0.4,337,19,4.722226,-1.382016,2.594208,0.939156,59.71,88.76,17.36
08:39:32.8,46.2198551666667,6.082505,1.10833422,140,0,0.4,337,19,2.6111132,-1.98372,2.903844,1.62138,157.85,200.62,-25.41
08:39:32.8,46.2198551666667,6.082505,1.10833422,140,0,0.4,337,19,2.6111132,-1.371036,1.933944,2.152812,68.25,7.7,-64.19
08:39:32.8,46.2198551666667,6.082505,1.10833422,140,0,0.4,337,19,2.6111132,-0.532896,1.169736,2.111088,92.82,-70.14,-72.8
08:39:32.8,46.2198551666667,6.082505,1.10833422,140,0,0.4,337,19,2.6111132,-0.229848,0.81252,1.421544,129.29,-101.92,-61.67
08:39:32.8,46.2198551666667,6.082505,1.10833422,140,0,0.4,337,19,2.6111132,-0.366732,0.476532,0.998448,74.13,-31.01,-59.99
08:39:32.8,46.2198551666667,6.082505,1.10833422,140,0,0.4,337,19,2.6111132,-0.383568,0.30744,1.556232,19.88,28.49,-59.85
08:39:32.8,46.2198551666667,6.082505,1.10833422,140,0,0.4,337,19,2.6111132,-0.324276,0.288408,1.690188,84.42,5.81,-42.42
08:39:32.8,46.2198551666667,6.082505,1.10833422,140,0,0.4,337,19,2.6111132,-0.465552,0.34404,1.259772,87.22,4.2,-25.06
08:39:32.8,46.2198551666667,6.082505,1.10833422,140,0,0.4,337,19,2.6111132,-0.663924,0.480924,1.158024,57.89,16.38,-22.61
08:39:32.8,46.2198551666667,6.082505,1.10833422,140,0,0.4,337,19,2.6111132,-0.734196,0.584136,1.154364,54.6,21.28,-27.72
08:39:32.9,46.2198541666667,6.08250483333333,0.96111188,140,0,0.4,0,0,1.4722234,-0.670512,0.66978,1.240008,57.26,25.13,-35.63
08:39:32.9,46.2198541666667,6.08250483333333,0.96111188,140,0,0.4,0,0,1.4722234,-0.525576,0.741516,1.346148,60.34,14.77,-38.15
08:39:32.9,46.2198541666667,6.08250483333333,0.96111188,140,0,0.4,0,0,1.4722234,-0.415776,0.703452,1.325652,57.26,-4.13,-40.25
08:39:32.9,46.2198541666667,6.08250483333333,0.96111188,140,0,0.4,0,0,1.4722234,-0.38064,0.537288,1.283196,57.4,-4.97,-39.2
08:39:32.9,46.2198541666667,6.08250483333333,0.96111188,140,0,0.4,0,0,1.4722234,-0.361608,0.379176,1.26636,57.61,1.12,-34.86
08:39:32.9,46.2198541666667,6.08250483333333,0.96111188,140,0,0.4,0,0,1.4722234,-0.335256,0.312564,1.238544,51.66,10.29,-30.17
08:39:32.9,46.2198541666667,6.08250483333333,0.96111188,140,0,0.4,0,0,1.4722234,-0.343308,0.2928,1.23708,47.18,21.56,-25.69
08:39:32.9,46.2198541666667,6.08250483333333,0.96111188,140,0,0.4,0,0,1.4722234,-0.379176,0.294264,1.238544,44.66,25.9,-22.19
08:39:32.9,46.2198541666667,6.08250483333333,0.96111188,140,0,0.4,0,0,1.4722234,-0.3843,0.330864,1.21512,41.23,21.91,-20.23
08:39:32.9,46.2198541666667,6.08250483333333,0.96111188,140,0,0.4,0,0,1.4722234,-0.357948,0.372588,1.18584,38.92,16.38,-18.2
08:39:33.0,46.2198531666667,6.08250533333333,0.9861119,140,0,0.4,337,19,0.2500002,-0.346968,0.407724,1.166808,35.77,12.46,-16.24
08:39:33.0,46.2198531666667,6.08250533333333,0.9861119,140,0,0.4,337,19,0.2500002,-0.364536,0.444324,1.135332,32.13,11.48,-14.7
08:39:33.0,46.2198531666667,6.08250533333333,0.9861119,140,0,0.4,337,19,0.2500002,-0.393816,0.458964,1.144848,30.66,13.86,-13.72
08:39:33.0,46.2198531666667,6.08250533333333,0.9861119,140,0,0.4,337,19,0.2500002,-0.405528,0.449448,1.223172,29.75,14.14,-13.93
08:39:33.0,46.2198531666667,6.08250533333333,0.9861119,140,0,0.4,337,19,0.2500002,-0.392352,0.447984,1.261968,30.94,10.29,-14.42
08:39:33.0,46.2198531666667,6.08250533333333,0.9861119,140,0,0.4,337,19,0.2500002,-0.377712,0.46116,1.2444,31.57,4.13,-13.65
08:39:33.0,46.2198531666667,6.08250533333333,0.9861119,140,0,0.4,337,19,0.2500002,-0.354288,0.452376,1.242204,31.92,-1.19,-11.48
08:39:33.0,46.2198531666667,6.08250533333333,0.9861119,140,0,0.4,337,19,0.2500002,-0.32208,0.381372,1.245864,31.01,-3.71,-8.19
08:39:33.0,46.2198531666667,6.08250533333333,0.9861119,140,0,0.4,337,19,0.2500002,-0.317688,0.3111,1.23708,25.97,-2.03,-3.85
08:39:33.0,46.2198531666667,6.08250533333333,0.9861119,140,0,0.4,337,19,0.2500002,-0.341112,0.31476,1.25172,21.28,2.31,0.35
08:39:33.1,46.2198528333333,6.08250566666667,0.59166714,140,0,0.4,337,19,3.9444476,-0.371856,0.345504,1.25172,19.46,4.06,2.8
08:39:33.1,46.2198528333333,6.08250566666667,0.59166714,140,0,0.4,337,19,3.9444476,-0.401868,0.359412,1.22976,16.87,6.58,3.64
08:39:33.1,46.2198528333333,6.08250566666667,0.59166714,140,0,0.4,337,19,3.9444476,-0.41724,0.372588,1.198284,14.28,7,3.57
08:39:33.1,46.2198528333333,6.08250566666667,0.59166714,140,0,0.4,337,19,3.9444476,-0.401868,0.390888,1.179252,12.32,5.81,3.57
08:39:33.1,46.2198528333333,6.08250566666667,0.59166714,140,0,0.4,337,19,3.9444476,-0.36966,0.401136,1.184376,9.87,4.2,3.36
08:39:33.1,46.2198528333333,6.08250566666667,0.59166714,140,0,0.4,337,19,3.9444476,-0.344772,0.387228,1.185108,8.05,1.82,4.13
08:39:33.1,46.2198528333333,6.08250566666667,0.59166714,140,0,0.4,337,19,3.9444476,-0.333792,0.35136,1.192428,5.88,1.47,5.95
08:39:33.1,46.2198528333333,6.08250566666667,0.59166714,140,0,0.4,337,19,3.9444476,-0.328668,0.335256,1.20048,2.52,0.63,8.47
08:39:33.1,46.2198528333333,6.08250566666667,0.59166714,140,0,0.4,337,19,3.9444476,-0.33306,0.355752,1.199016,-0.42,0,11.69
08:39:33.1,46.2198528333333,6.08250566666667,0.59166714,140,0,0.4,337,19,3.9444476,-0.349164,0.376248,1.205604,-2.45,0.14,14.91
08:39:33.2,46.2198526666667,6.082506,0.45277814,140,0,0.4,337,19,1.38889,-0.364536,0.383568,1.226832,-3.15,-0.28,17.57
08:39:33.2,46.2198526666667,6.082506,0.45277814,140,0,0.4,337,19,1.38889,-0.365268,0.389424,1.245132,-3.5,-1.54,19.6
08:39:33.2,46.2198526666667,6.082506,0.45277814,140,0,0.4,337,19,1.38889,-0.349896,0.392352,1.2444,-5.46,-3.5,21.14
08:39:33.2,46.2198526666667,6.082506,0.45277814,140,0,0.4,337,19,1.38889,-0.330864,0.389424,1.226832,-8.33,-5.11,22.68
08:39:33.2,46.2198526666667,6.082506,0.45277814,140,0,0.4,337,19,1.38889,-0.320616,0.379176,1.216584,-10.92,-5.81,24.01
08:39:33.2,46.2198526666667,6.082506,0.45277814,140,0,0.4,337,19,1.38889,-0.33672,0.383568,1.21512,-13.02,-6.16,25.62
08:39:33.2,46.2198526666667,6.082506,0.45277814,140,0,0.4,337,19,1.38889,-0.361608,0.4026,1.191696,-15.05,-7.28,27.37
08:39:33.2,46.2198526666667,6.082506,0.45277814,140,0,0.4,337,19,1.38889,-0.363072,0.411384,1.165344,-16.66,-8.19,29.68
08:39:33.2,46.2198526666667,6.082506,0.45277814,140,0,0.4,337,19,1.38889,-0.354288,0.408456,1.150704,-19.6,-9.31,31.78
08:39:33.2,46.2198526666667,6.082506,0.45277814,140,0,0.4,337,19,1.38889,-0.354288,0.406992,1.131672,-21.91,-8.33,34.02
08:39:33.3,46.2198526666667,6.0825065,0.3194447,140,0,0.4,337,19,1.3333344,-0.349896,0.410652,1.099464,-22.96,-9.45,36.68
08:39:33.3,46.2198526666667,6.0825065,0.3194447,140,0,0.4,337,19,1.3333344,-0.335256,0.423096,1.07604,-24.5,-12.25,39.55
08:39:33.3,46.2198526666667,6.0825065,0.3194447,140,0,0.4,337,19,1.3333344,-0.311832,0.44286,1.080432,-25.9,-12.74,43.19
08:39:33.3,46.2198526666667,6.0825065,0.3194447,140,0,0.4,337,19,1.3333344,-0.295728,0.456768,1.074576,-26.46,-14.42,46.97
08:39:33.3,46.2198526666667,6.0825065,0.3194447,140,0,0.4,337,19,1.3333344,-0.300852,0.47214,1.047492,-25.48,-14.28,50.61
08:39:33.3,46.2198526666667,6.0825065,0.3194447,140,0,0.4,337,19,1.3333344,-0.32208,0.493368,1.026264,-24.5,-12.53,53.97
08:39:33.3,46.2198526666667,6.0825065,0.3194447,140,0,0.4,337,19,1.3333344,-0.346968,0.510936,1.027728,-25.34,-8.89,56.63
08:39:33.3,46.2198526666667,6.0825065,0.3194447,140,0,0.4,337,19,1.3333344,-0.365268,0.524112,1.042368,-26.18,-5.81,59.22
08:39:33.3,46.2198526666667,6.0825065,0.3194447,140,0,0.4,337,19,1.3333344,-0.368196,0.540216,1.053348,-25.55,-5.25,62.58
08:39:33.3,46.2198526666667,6.0825065,0.3194447,140,0,0.4,337,19,1.3333344,-0.35136,0.562176,1.070184,-25.76,-7.49,65.03
08:39:33.4,46.219853,6.082507,0.47500038,141,0,0.4,0,0,1.5555568,-0.327204,0.583404,1.095072,-27.65,-10.92,65.03
08:39:33.4,46.219853,6.082507,0.47500038,141,0,0.4,0,0,1.5555568,-0.308904,0.599508,1.111176,-28.84,-16.03,64.26
08:39:33.4,46.219853,6.082507,0.47500038,141,0,0.4,0,0,1.5555568,-0.3111,0.61854,1.117764,-29.12,-19.25,63.35
08:39:33.4,46.219853,6.082507,0.47500038,141,0,0.4,0,0,1.5555568,-0.324276,0.648552,1.126548,-28.7,-18.48,61.95
08:39:33.4,46.219853,6.082507,0.47500038,141,0,0.4,0,0,1.5555568,-0.327936,0.671244,1.131672,-29.05,-17.78,60.62
08:39:33.4,46.219853,6.082507,0.47500038,141,0,0.4,0,0,1.5555568,-0.341844,0.680028,1.124352,-29.82,-16.31,59.99
08:39:33.4,46.219853,6.082507,0.47500038,141,0,0.4,0,0,1.5555568,-0.374784,0.71004,1.114836,-29.82,-12.18,59.64
08:39:33.4,46.219853,6.082507,0.47500038,141,0,0.4,0,0,1.5555568,-0.40992,0.76128,1.089948,-30.03,-8.4,57.75
08:39:33.4,46.219853,6.082507,0.47500038,141,0,0.4,0,0,1.5555568,-0.429684,0.81984,1.06872,-30.52,-4.76,55.23
08:39:33.4,46.219853,6.082507,0.47500038,141,0,0.4,0,0,1.5555568,-0.431148,0.860832,1.037976,-29.61,-5.67,52.43
08:39:33.5,46.2198535,6.08250783333333,0.67222276,141,0,0.4,337,19,1.9722238,-0.41358,0.84912,0.964044,-29.68,-9.66,49.28
08:39:33.5,46.2198535,6.08250783333333,0.67222276,141,0,0.4,337,19,1.9722238,-0.382104,0.800808,0.875472,-31.22,-13.58,46.27
08:39:33.5,46.2198535,6.08250783333333,0.67222276,141,0,0.4,337,19,1.9722238,-0.354288,0.742248,0.795684,-30.8,-10.64,44.03
08:39:33.5,46.2198535,6.08250783333333,0.67222276,141,0,0.4,337,19,1.9722238,-0.324276,0.668316,0.737124,-28.35,-4.48,42.49
08:39:33.5,46.2198535,6.08250783333333,0.67222276,141,0,0.4,337,19,1.9722238,-0.293532,0.566568,0.69174,-25.97,0.63,40.88
08:39:33.5,46.2198535,6.08250783333333,0.67222276,141,0,0.4,337,19,1.9722238,-0.25986,0.440664,0.62952,-23.45,3.64,39.13
08:39:33.5,46.2198535,6.08250783333333,0.67222276,141,0,0.4,337,19,1.9722238,-0.21594,0.311832,0.546804,-23.59,6.51,36.82
08:39:33.5,46.2198535,6.08250783333333,0.67222276,141,0,0.4,337,19,1.9722238,-0.172752,0.19764,0.469212,-24.22,10.99,33.95
08:39:33.5,46.2198535,6.08250783333333,0.67222276,141,0,0.4,337,19,1.9722238,-0.137616,0.10248,0.401136,-25.55,14.07,29.61
08:39:33.5,46.2198535,6.08250783333333,0.67222276,141,0,0.4,337,19,1.9722238,-0.108336,0.027816,0.338916,-30.03,17.71,23.66
08:39:33.6,46.2198541666667,6.0825085,0.8611118,141,0,0.4,337,19,1.8888904,-0.079056,-0.034404,0.291336,-36.33,23.45,17.08
08:39:33.6,46.2198541666667,6.0825085,0.8611118,141,0,0.4,337,19,1.8888904,-0.049776,-0.08052,0.264252,-41.16,27.93,10.57
08:39:33.6,46.2198541666667,6.0825085,0.8611118,141,0,0.4,337,19,1.8888904,-0.034404,-0.133224,0.240828,-43.96,27.37,1.33
08:39:33.6,46.2198541666667,6.0825085,0.8611118,141,0,0.4,337,19,1.8888904,-0.045384,-0.209352,0.19764,-50.61,29.19,-10.43
08:39:33.6,46.2198541666667,6.0825085,0.8611118,141,0,0.4,337,19,1.8888904,-0.075396,-0.283284,0.22692,-62.02,45.99,-22.26
08:39:33.6,46.2198541666667,6.0825085,0.8611118,141,0,0.4,337,19,1.8888904,-0.064416,-0.287676,0.533628,-65.73,69.86,-29.75
08:39:33.6,46.2198541666667,6.0825085,0.8611118,141,0,0.4,337,19,1.8888904,-0.02928,-0.099552,0.78324,-58.03,55.79,-31.01
08:39:33.6,46.2198541666667,6.0825085,0.8611118,141,0,0.4,337,19,1.8888904,-0.021228,0.229848,0.5856,-61.04,9.31,-37.45
08:39:33.6,46.2198541666667,6.0825085,0.8611118,141,0,0.4,337,19,1.8888904,0.121512,0.663192,0.462624,-61.53,-7.21,-39.9
08:39:33.6,46.2198541666667,6.0825085,0.8611118,141,0,0.4,337,19,1.8888904,0.408456,1.294176,0.641232,-52.85,-12.04,-34.65
08:39:33.7,46.2198548333333,6.08251,1.19722318,141,0,0.4,337,19,3.3611138,0.601704,1.872456,0.661728,-48.79,-7.98,-27.58
08:39:33.7,46.2198548333333,6.08251,1.19722318,141,0,0.4,337,19,3.3611138,0.70638,2.040816,0.720288,-42.7,26.04,-16.52
08:39:33.7,46.2198548333333,6.08251,1.19722318,141,0,0.4,337,19,3.3611138,0.637572,1.690188,0.983076,-29.82,44.59,-0.07
08:39:33.7,46.2198548333333,6.08251,1.19722318,141,0,0.4,337,19,3.3611138,0.487512,1.332972,1.159488,-13.23,37.17,6.37
08:39:33.7,46.2198548333333,6.08251,1.19722318,141,0,0.4,337,19,3.3611138,0.514596,1.311012,1.198284,3.5,23.87,6.93
08:39:33.7,46.2198548333333,6.08251,1.19722318,141,0,0.4,337,19,3.3611138,0.616344,1.28832,1.150704,6.86,1.96,5.6
08:39:33.7,46.2198548333333,6.08251,1.19722318,141,0,0.4,337,19,3.3611138,0.707112,1.155096,1.058472,4.06,-19.18,5.25
08:39:33.7,46.2198548333333,6.08251,1.19722318,141,0,0.4,337,19,3.3611138,0.741516,1.010892,0.954528,-2.52,-32.34,6.79
08:39:33.7,46.2198548333333,6.08251,1.19722318,141,0,0.4,337,19,3.3611138,0.650748,0.909144,0.869616,-6.51,-35,10.85
08:39:33.7,46.2198548333333,6.08251,1.19722318,141,0,0.4,337,19,3.3611138,0.426024,0.803736,0.784704,-4.48,-28.98,16.24
08:39:33.8,46.2198556666667,6.08251083333333,1.16388982,141,0,0.4,0,0,0.333333599999999,0.162504,0.687348,0.701988,1.26,-20.44,18.62
08:39:33.8,46.2198556666667,6.08251083333333,1.16388982,141,0,0.4,0,0,0.333333599999999,-0.009516,0.588528,0.664656,6.72,-16.1,19.32
08:39:33.8,46.2198556666667,6.08251083333333,1.16388982,141,0,0.4,0,0,0.333333599999999,-0.04758,0.49776,0.634644,12.88,-23.87,20.86
08:39:33.8,46.2198556666667,6.08251083333333,1.16388982,141,0,0.4,0,0,0.333333599999999,0.002928,0.41724,0.538752,16.03,-37.66,22.75
08:39:33.8,46.2198556666667,6.08251083333333,1.16388982,141,0,0.4,0,0,0.333333599999999,0.097356,0.31476,0.436272,18.13,-51.03,26.04
08:39:33.8,46.2198556666667,6.08251083333333,1.16388982,141,0,0.4,0,0,0.333333599999999,0.2013,0.16104,0.360144,20.44,-65.94,32.34
08:39:33.8,46.2198556666667,6.08251083333333,1.16388982,141,0,0.4,0,0,0.333333599999999,0.278892,0,0.278892,20.09,-80.15,40.88
08:39:33.8,46.2198556666667,6.08251083333333,1.16388982,141,0,0.4,0,0,0.333333599999999,0.32208,-0.133224,0.216672,17.29,-91.21,51.66
08:39:33.8,46.2198556666667,6.08251083333333,1.16388982,141,0,0.4,0,0,0.333333599999999,0.319152,-0.24888,0.184464,11.48,-102.34,62.72
08:39:33.8,46.2198556666667,6.08251083333333,1.16388982,141,0,0.4,0,0,0.333333599999999,0.282552,-0.34404,0.159576,2.24,-111.23,72.8
08:39:33.9,46.2198556666667,6.082512,0.87777848,141,0,0.4,337,19,2.8611134,0.240096,-0.41724,0.13176,-12.53,-116.69,78.12
08:39:33.9,46.2198556666667,6.082512,0.87777848,141,0,0.4,337,19,2.8611134,0.183,-0.46848,0.10614,-31.36,-114.31,79.87
08:39:33.9,46.2198556666667,6.082512,0.87777848,141,0,0.4,337,19,2.8611134,0.101016,-0.488976,0.136884,-50.61,-102.34,77.77
08:39:33.9,46.2198556666667,6.082512,0.87777848,141,0,0.4,337,19,2.8611134,0.02196,-0.392352,0.260592,-64.33,-88.27,74.2
08:39:33.9,46.2198556666667,6.082512,0.87777848,141,0,0.4,337,19,2.8611134,-0.028548,-0.089304,0.375516,-70.07,-71.54,71.47
08:39:33.9,46.2198556666667,6.082512,0.87777848,141,0,0.4,337,19,2.8611134,-0.068808,0.316224,0.354288,-76.86,-46.97,70.07
08:39:33.9,46.2198556666667,6.082512,0.87777848,141,0,0.4,337,19,2.8611134,-0.139812,0.729072,0.25986,-82.46,-51.73,63.77
08:39:33.9,46.2198556666667,6.082512,0.87777848,141,0,0.4,337,19,2.8611134,-0.31476,1.14558,0.327204,-74.62,-65.66,51.59
08:39:33.9,46.2198556666667,6.082512,0.87777848,141,0,0.4,337,19,2.8611134,-0.48312,1.506456,0.71004,-79.59,-42.42,45.43
08:39:33.9,46.2198556666667,6.082512,0.87777848,141,0,0.4,337,19,2.8611134,-0.5307,1.759728,1.029192,-86.52,-53.2,39.27
08:39:34.0,46.2198558333333,6.08251283333333,0.74444504,141,0,0.4,337,19,1.3333344,-0.617076,2.021052,0.950868,-62.23,-76.86,36.12
08:39:34.0,46.2198558333333,6.08251283333333,0.74444504,141,0,0.4,337,19,1.3333344,-0.737124,2.219424,0.869616,-49.56,-50.33,35.77
08:39:34.0,46.2198558333333,6.08251283333333,0.74444504,141,0,0.4,337,19,1.3333344,-0.748104,2.029104,0.953064,-40.81,-24.78,32.34
08:39:34.0,46.2198558333333,6.08251283333333,0.74444504,141,0,0.4,337,19,1.3333344,-0.701988,1.71288,0.910608,-26.6,-20.23,26.46
08:39:34.0,46.2198558333333,6.08251283333333,0.74444504,141,0,0.4,337,19,1.3333344,-0.63684,1.58478,0.798612,-28.63,-13.65,19.04
08:39:34.0,46.2198558333333,6.08251283333333,0.74444504,141,0,0.4,337,19,1.3333344,-0.529968,1.537932,0.777384,-29.75,-2.66,15.12
08:39:34.0,46.2198558333333,6.08251283333333,0.74444504,141,0,0.4,337,19,1.3333344,-0.40992,1.496208,0.77592,-24.64,9.94,13.3
08:39:34.0,46.2198558333333,6.08251283333333,0.74444504,141,0,0.4,337,19,1.3333344,-0.2928,1.382016,0.76128,-16.8,13.65,11.55
08:39:34.0,46.2198558333333,6.08251283333333,0.74444504,141,0,0.4,337,19,1.3333344,-0.177144,1.185108,0.745176,-7.07,15.68,11.27
08:39:34.0,46.2198558333333,6.08251283333333,0.74444504,141,0,0.4,337,19,1.3333344,-0.089304,0.955992,0.6954,0.35,12.39,13.44
08:39:34.1,46.2198561666667,6.08251316666667,0.56666712,141,0,0.4,337,19,1.7777792,-0.05856,0.738588,0.613416,6.44,11.97,15.33
08:39:34.1,46.2198561666667,6.08251316666667,0.56666712,141,0,0.4,337,19,1.7777792,-0.092964,0.551928,0.507276,11.48,19.67,15.61
08:39:34.1,46.2198561666667,6.08251316666667,0.56666712,141,0,0.4,337,19,1.7777792,-0.163968,0.404796,0.38796,9.66,32.76,11.41
08:39:34.1,46.2198561666667,6.08251316666667,0.56666712,141,0,0.4,337,19,1.7777792,-0.22326,0.311832,0.295728,2.66,45.85,4.9
08:39:34.1,46.2198561666667,6.08251316666667,0.56666712,141,0,0.4,337,19,1.7777792,-0.28548,0.25986,0.244488,-2.45,59.08,-4.48
08:39:34.1,46.2198561666667,6.08251316666667,0.56666712,141,0,0.4,337,19,1.7777792,-0.3477,0.215208,0.225456,-1.33,70.7,-17.57
08:39:34.1,46.2198561666667,6.08251316666667,0.56666712,141,0,0.4,337,19,1.7777792,-0.368928,0.150792,0.202764,2.31,78.4,-30.38
08:39:34.1,46.2198561666667,6.08251316666667,0.56666712,141,0,0.4,337,19,1.7777792,-0.341112,0.038064,0.160308,1.26,80.29,-42
08:39:34.1,46.2198561666667,6.08251316666667,0.56666712,141,0,0.4,337,19,1.7777792,-0.293532,-0.114924,0.133956,-7.7,78.19,-50.61
08:39:34.1,46.2198561666667,6.08251316666667,0.56666712,141,0,0.4,337,19,1.7777792,-0.231312,-0.253272,0.155916,-19.88,77.28,-52.64
08:39:34.2,46.2198568333333,6.082515,1.2638899,141,0,0.4,0,0,0,-0.138348,-0.17568,0.228384,-27.58,76.09,-42.7
08:39:34.2,46.2198568333333,6.082515,1.2638899,141,0,0.4,0,0,0,-0.010248,0.24156,0.422364,-24.43,63.84,-30.31
08:39:34.2,46.2198568333333,6.082515,1.2638899,141,0,0.4,0,0,0,0.191052,0.74664,0.743712,-6.09,29.12,-24.08
08:39:34.2,46.2198568333333,6.082515,1.2638899,141,0,0.4,0,0,0,0.397476,1.097268,0.815448,3.36,-23.24,-22.75
08:39:34.2,46.2198568333333,6.082515,1.2638899,141,0,0.4,0,0,0,0.484584,1.332972,0.661728,-29.19,-36.4,-20.72
08:39:34.2,46.2198568333333,6.082515,1.2638899,141,0,0.4,0,0,0,0.482388,1.569408,0.628056,-32.48,-6.16,-16.38
08:39:34.2,46.2198568333333,6.082515,1.2638899,141,0,0.4,0,0,0,0.448716,1.786812,0.701988,2.1,34.02,-17.43
08:39:34.2,46.2198568333333,6.082515,1.2638899,141,0,0.4,0,0,0,0.343308,1.818288,0.803736,3.85,47.67,-15.89
08:39:34.2,46.2198568333333,6.082515,1.2638899,141,0,0.4,0,0,0,0.142008,1.71654,0.832284,-7.84,47.88,-15.12
08:39:34.2,46.2198568333333,6.082515,1.2638899,141,0,0.4,0,0,0,0.017568,1.734108,0.888648,-7.49,60.83,-16.66
08:39:34.3,46.2198575,6.08251633333333,1.28611214,141,0,0.4,337,19,0.222222400000001,0.055632,1.78974,0.975756,-6.16,57.19,-19.6
08:39:34.3,46.2198575,6.08251633333333,1.28611214,141,0,0.4,337,19,0.222222400000001,0.11712,1.737036,0.909144,-8.68,49.77,-25.97
08:39:34.3,46.2198575,6.08251633333333,1.28611214,141,0,0.4,337,19,0.222222400000001,0.140544,1.65066,0.824232,-16.45,44.1,-35.49
08:39:34.3,46.2198575,6.08251633333333,1.28611214,141,0,0.4,337,19,0.222222400000001,0.159576,1.574532,0.815448,-25.55,36.4,-42.91
08:39:34.3,46.2198575,6.08251633333333,1.28611214,141,0,0.4,337,19,0.222222400000001,0.174216,1.49694,0.767136,-31.57,23.38,-50.47
08:39:34.3,46.2198575,6.08251633333333,1.28611214,141,0,0.4,337,19,0.222222400000001,0.200568,1.395192,0.683688,-30.73,12.46,-55.02
08:39:34.3,46.2198575,6.08251633333333,1.28611214,141,0,0.4,337,19,0.222222400000001,0.24156,1.268556,0.591456,-21.77,5.67,-53.27
08:39:34.3,46.2198575,6.08251633333333,1.28611214,141,0,0.4,337,19,0.222222400000001,0.250344,1.11996,0.497028,-12.6,1.33,-48.93
08:39:34.3,46.2198575,6.08251633333333,1.28611214,141,0,0.4,337,19,0.222222400000001,0.211548,0.945012,0.43554,-6.16,-3.43,-42.91
08:39:34.3,46.2198575,6.08251633333333,1.28611214,141,0,0.4,337,19,0.222222400000001,0.16104,0.753228,0.382836,-0.28,-11.41,-37.38
08:39:34.4,46.219858,6.08251783333333,1.2777788,141,0,0.4,337,19,0.0833333999999986,0.136152,0.55998,0.323544,4.62,-16.24,-32.2
08:39:34.4,46.219858,6.08251783333333,1.2777788,141,0,0.4,337,19,0.0833333999999986,0.15738,0.36966,0.305976,8.54,-21.63,-23.8
08:39:34.4,46.219858,6.08251783333333,1.2777788,141,0,0.4,337,19,0.0833333999999986,0.218868,0.18666,0.298656,10.5,-31.15,-13.37
08:39:34.4,46.219858,6.08251783333333,1.2777788,141,0,0.4,337,19,0.0833333999999986,0.286944,0.023424,0.268644,10.71,-40.11,-0.42
08:39:34.4,46.219858,6.08251783333333,1.2777788,141,0,0.4,337,19,0.0833333999999986,0.334524,-0.114192,0.207888,6.79,-51.59,11.83
08:39:34.4,46.219858,6.08251783333333,1.2777788,141,0,0.4,337,19,0.0833333999999986,0.34404,-0.22692,0.134688,-3.71,-59.92,22.26
08:39:34.4,46.219858,6.08251783333333,1.2777788,141,0,0.4,337,19,0.0833333999999986,0.313296,-0.31842,0.081984,-17.43,-63.28,29.82
08:39:34.4,46.219858,6.08251783333333,1.2777788,141,0,0.4,337,19,0.0833333999999986,0.264984,-0.38064,0.053436,-30.52,-63.49,33.32
08:39:34.4,46.219858,6.08251783333333,1.2777788,141,0,0.4,337,19,0.0833333999999986,0.21228,-0.399672,0.050508,-41.02,-66.85,33.25
08:39:34.4,46.219858,6.08251783333333,1.2777788,141,0,0.4,337,19,0.0833333999999986,0.169824,-0.366,0.076128,-46.2,-76.09,30.94
08:39:34.5,46.2198581666667,6.08252,1.52500122,141,0,0.4,337,19,2.4722242,0.148596,-0.294264,0.128832,-43.75,-90.65,27.65
08:39:34.5,46.2198581666667,6.08252,1.52500122,141,0,0.4,337,19,2.4722242,0.141276,-0.193248,0.187392,-34.65,-107.52,24.36
08:39:34.5,46.2198581666667,6.08252,1.52500122,141,0,0.4,337,19,2.4722242,0.133224,-0.071736,0.23424,-23.73,-121.59,21.35
08:39:34.5,46.2198581666667,6.08252,1.52500122,141,0,0.4,337,19,2.4722242,0.119316,0.082716,0.301584,-14,-131.25,20.02
08:39:34.5,46.2198581666667,6.08252,1.52500122,141,0,0.4,337,19,2.4722242,0.08418,0.34404,0.40992,-3.64,-129.08,21
08:39:34.5,46.2198581666667,6.08252,1.52500122,141,0,0.4,337,19,2.4722242,-0.015372,0.745908,0.561444,6.09,-111.51,26.81
08:39:34.5,46.2198581666667,6.08252,1.52500122,141,0,0.4,337,19,2.4722242,-0.182268,1.247328,0.756888,2.59,-70.35,38.78
08:39:34.5,46.2198581666667,6.08252,1.52500122,141,0,0.4,337,19,2.4722242,-0.297924,1.717272,0.81984,-14.42,-24.78,37.45
08:39:34.5,46.2198581666667,6.08252,1.52500122,141,0,0.4,337,19,2.4722242,-0.316224,2.124264,0.879132,-3.5,-3.78,25.13
08:39:34.5,46.2198581666667,6.08252,1.52500122,141,0,0.4,337,19,2.4722242,-0.393084,2.420724,1.100928,29.12,-42.14,25.48
08:39:34.6,46.2198583333333,6.0825215,1.26111212,141,0,0.4,0,0,2.638891,-0.43188,2.219424,1.216584,51.31,-49.77,28.07
08:39:34.6,46.2198583333333,6.0825215,1.26111212,141,0,0.4,0,0,2.638891,-0.357216,1.813896,1.202676,71.47,-40.53,25.41
08:39:34.6,46.2198583333333,6.0825215,1.26111212,141,0,0.4,0,0,2.638891,-0.354288,1.725324,1.118496,58.73,-63,25.69
08:39:34.6,46.2198583333333,6.0825215,1.26111212,141,0,0.4,0,0,2.638891,-0.43188,1.812432,1.096536,27.58,-76.02,27.23
08:39:34.6,46.2198583333333,6.0825215,1.26111212,141,0,0.4,0,0,2.638891,-0.513132,1.95078,1.160952,9.8,-71.75,34.3
08:39:34.6,46.2198583333333,6.0825215,1.26111212,141,0,0.4,0,0,2.638891,-0.597312,2.13378,1.225368,-7.35,-52.85,41.93
08:39:34.6,46.2198583333333,6.0825215,1.26111212,141,0,0.4,0,0,2.638891,-0.686616,2.227476,1.232688,-5.46,-35.28,48.93
08:39:34.6,46.2198583333333,6.0825215,1.26111212,141,0,0.4,0,0,2.638891,-0.737856,2.17404,1.17486,0.28,-18.76,53.76
08:39:34.6,46.2198583333333,6.0825215,1.26111212,141,0,0.4,0,0,2.638891,-0.720288,2.0496,1.10532,5.11,-10.99,51.38
08:39:34.6,46.2198583333333,6.0825215,1.26111212,141,0,0.4,0,0,2.638891,-0.667584,1.898808,1.013088,7.56,-5.67,48.16
08:39:34.7,46.2198586666667,6.08252266666667,1.07777864,141,0,0.4,337,19,1.8333348,-0.606828,1.729716,0.895236,14.77,-0.14,44.38
08:39:34.7,46.2198586666667,6.08252266666667,1.07777864,141,0,0.4,337,19,1.8333348,-0.538752,1.52256,0.741516,20.44,6.51,40.32
08:39:34.7,46.2198586666667,6.08252266666667,1.07777864,141,0,0.4,337,19,1.8333348,-0.475068,1.305888,0.609024,23.87,16.1,34.09
08:39:34.7,46.2198586666667,6.08252266666667,1.07777864,141,0,0.4,337,19,1.8333348,-0.4026,1.114104,0.514596,25.76,23.52,29.26
08:39:34.7,46.2198586666667,6.08252266666667,1.07777864,141,0,0.4,337,19,1.8333348,-0.330864,0.972096,0.427488,30.59,21.28,24.92
08:39:34.7,46.2198586666667,6.08252266666667,1.07777864,141,0,0.4,337,19,1.8333348,-0.256932,0.824232,0.320616,37.73,17.36,19.32
08:39:34.7,46.2198586666667,6.08252266666667,1.07777864,141,0,0.4,337,19,1.8333348,-0.181536,0.625128,0.215208,45.29,16.31,14.35
08:39:34.7,46.2198586666667,6.08252266666667,1.07777864,141,0,0.4,337,19,1.8333348,-0.111264,0.404064,0.103944,50.75,21.42,11.55
08:39:34.7,46.2198586666667,6.08252266666667,1.07777864,141,0,0.4,337,19,1.8333348,-0.023424,0.193248,0.004392,46.55,28.63,10.36
08:39:34.7,46.2198586666667,6.08252266666667,1.07777864,141,0,0.4,337,19,1.8333348,0.062952,-0.005856,-0.035136,34.23,30.38,14.21
08:39:34.8,46.2198591666667,6.082525,1.62222352,141,0,0.4,337,19,5.4444488,0.106872,-0.183,-0.035136,19.32,27.65,17.43
08:39:34.8,46.2198591666667,6.082525,1.62222352,141,0,0.4,337,19,5.4444488,0.108336,-0.330132,-0.010248,4.62,21.91,16.17
08:39:34.8,46.2198591666667,6.082525,1.62222352,141,0,0.4,337,19,5.4444488,0.084912,-0.43554,0.071736,-4.48,16.24,9.24
08:39:34.8,46.2198591666667,6.082525,1.62222352,141,0,0.4,337,19,5.4444488,0.06588,-0.438468,0.169092,2.24,15.96,0.42
08:39:34.8,46.2198591666667,6.082525,1.62222352,141,0,0.4,337,19,5.4444488,0.039528,-0.262056,0.136152,18.48,17.78,-4.55
08:39:34.8,46.2198591666667,6.082525,1.62222352,141,0,0.4,337,19,5.4444488,0.00366,-0.05124,-0.002928,21.49,21.07,-7.84
08:39:34.8,46.2198591666667,6.082525,1.62222352,141,0,0.4,337,19,5.4444488,-0.001464,0.011712,-0.07686,14.84,33.81,-9.73
08:39:34.8,46.2198591666667,6.082525,1.62222352,141,0,0.4,337,19,5.4444488,0.027816,-0.005856,-0.0549,11.27,42.98,-11.55
08:39:34.8,46.2198591666667,6.082525,1.62222352,141,0,0.4,337,19,5.4444488,0.049776,-0.032208,-0.023424,12.95,41.3,-13.16
08:39:34.8,46.2198591666667,6.082525,1.62222352,141,0,0.4,337,19,5.4444488,0.034404,-0.064416,-0.02196,16.38,37.45,-15.33
08:39:34.9,46.21986,6.0825275,2.09166834,141,0,0.4,337,19,4.6944482,-0.002928,-0.098088,-0.020496,21.21,40.88,-17.71
08:39:34.9,46.21986,6.0825275,2.09166834,141,0,0.4,337,19,4.6944482,-0.038064,-0.12078,-0.011712,25.06,46.2,-19.11
08:39:34.9,46.21986,6.0825275,2.09166834,141,0,0.4,337,19,4.6944482,-0.052704,-0.13908,-0.010248,23.73,44.52,-19.81
08:39:34.9,46.21986,6.0825275,2.09166834,141,0,0.4,337,19,4.6944482,-0.038064,-0.156648,-0.013908,18.41,41.09,-20.58
08:39:34.9,46.21986,6.0825275,2.09166834,141,0,0.4,337,19,4.6944482,0,-0.169824,-0.00366,12.81,40.18,-20.65
08:39:34.9,46.21986,6.0825275,2.09166834,141,0,0.4,337,19,4.6944482,0.052704,-0.178608,0.02196,9.38,39.76,-20.16
08:39:34.9,46.21986,6.0825275,2.09166834,141,0,0.4,337,19,4.6944482,0.121512,-0.183,0.064416,9.03,38.85,-18.9
08:39:34.9,46.21986,6.0825275,2.09166834,141,0,0.4,337,19,4.6944482,0.21228,-0.169824,0.15372,12.6,33.67,-16.31
08:39:34.9,46.21986,6.0825275,2.09166834,141,0,0.4,337,19,4.6944482,0.305976,-0.130296,0.269376,21.63,18.83,-13.09
08:39:34.9,46.21986,6.0825275,2.09166834,141,0,0.4,337,19,4.6944482,0.346236,-0.085644,0.326472,30.52,0.84,-13.58
08:39:35.0,46.2198605,6.08252966666667,1.77222364,141,0,0.4,337,19,3.194447,0.339648,-0.052704,0.420168,32.9,-15.61,-19.25
08:39:35.0,46.2198605,6.08252966666667,1.77222364,141,0,0.4,337,19,3.194447,0.335988,0.045384,0.811056,30.8,-43.75,-29.47
08:39:35.0,46.2198605,6.08252966666667,1.77222364,141,0,0.4,337,19,3.194447,0.27816,0.466284,1.767048,49.21,-107.59,-40.39
08:39:35.0,46.2198605,6.08252966666667,1.77222364,141,0,0.4,337,19,3.194447,0.104676,1.051152,1.260504,56.98,-51.73,-39.9
08:39:35.0,46.2198605,6.08252966666667,1.77222364,141,0,0.4,337,19,3.194447,0.694668,1.96176,0.808128,50.54,22.26,-15.75
08:39:35.0,46.2198605,6.08252966666667,1.77222364,141,0,0.4,337,19,3.194447,1.554036,2.662284,1.270752,81.55,-118.72,6.16
08:39:35.0,46.2198605,6.08252966666667,1.77222364,141,0,0.4,337,19,3.194447,1.660908,2.384856,1.285392,62.02,-44.87,21
08:39:35.0,46.2198605,6.08252966666667,1.77222364,141,0,0.4,337,19,3.194447,1.33956,1.78608,1.71288,114.38,-7.7,35.7
08:39:35.0,46.2198605,6.08252966666667,1.77222364,141,0,0.4,337,19,3.194447,0.645624,1.183644,1.649928,162.61,33.39,35.14
08:39:35.0,46.2198605,6.08252966666667,1.77222364,141,0,0.4,337,19,3.194447,0.105408,0.60756,1.301496,141.19,41.09,36.19
08:39:35.1,46.2198611666667,6.0825315,1.56389014,141,0,0.4,0,0,2.083335,-0.053436,0.163968,1.21512,112.77,15.12,33.39
08:39:35.1,46.2198611666667,6.0825315,1.56389014,141,0,0.4,0,0,2.083335,-0.148596,-0.005124,1.270752,82.81,-1.96,28.07
08:39:35.1,46.2198611666667,6.0825315,1.56389014,141,0,0.4,0,0,2.083335,-0.1464,0.101016,1.264896,57.19,-15.75,19.04
08:39:35.1,46.2198611666667,6.0825315,1.56389014,141,0,0.4,0,0,2.083335,0.068076,0.368928,1.281,37.66,-20.23,14.77
08:39:35.1,46.2198611666667,6.0825315,1.56389014,141,0,0.4,0,0,2.083335,0.410652,0.686616,1.44936,42.91,-24.08,17.29
08:39:35.1,46.2198611666667,6.0825315,1.56389014,141,0,0.4,0,0,2.083335,0.676368,0.93696,1.612596,70.91,-15.47,20.16
08:39:35.1,46.2198611666667,6.0825315,1.56389014,141,0,0.4,0,0,2.083335,0.810324,0.971364,1.578192,101.08,5.25,21.98
08:39:35.1,46.2198611666667,6.0825315,1.56389014,141,0,0.4,0,0,2.083335,0.782508,0.718824,1.517436,106.4,7.28,27.02
08:39:35.1,46.2198611666667,6.0825315,1.56389014,141,0,0.4,0,0,2.083335,0.582672,0.431148,1.528416,102.62,-2.66,26.67
08:39:35.1,46.2198611666667,6.0825315,1.56389014,141,0,0.4,0,0,2.083335,0.409188,0.239364,1.469124,88.76,-2.8,25.06
08:39:35.2,46.2198613333333,6.08253316666667,1.38889,141,0,0.4,337,19,1.7500014,0.360876,0.143472,1.417152,63,-11.97,22.05
08:39:35.2,46.2198613333333,6.08253316666667,1.38889,141,0,0.4,337,19,1.7500014,0.348432,0.171288,1.4457,42.77,-23.87,15.96
08:39:35.2,46.2198613333333,6.08253316666667,1.38889,141,0,0.4,337,19,1.7500014,0.312564,0.266448,1.44204,27.09,-24.43,7.28
08:39:35.2,46.2198613333333,6.08253316666667,1.38889,141,0,0.4,337,19,1.7500014,0.264984,0.35868,1.43472,17.36,-19.39,-0.49
08:39:35.2,46.2198613333333,6.08253316666667,1.38889,141,0,0.4,337,19,1.7500014,0.2196,0.44286,1.494744,14.28,-12.95,-5.6
08:39:35.2,46.2198613333333,6.08253316666667,1.38889,141,0,0.4,337,19,1.7500014,0.202764,0.493368,1.541592,20.86,-7.35,-8.54
08:39:35.2,46.2198613333333,6.08253316666667,1.38889,141,0,0.4,337,19,1.7500014,0.20862,0.48312,1.504992,26.18,-2.17,-10.85
08:39:35.2,46.2198613333333,6.08253316666667,1.38889,141,0,0.4,337,19,1.7500014,0.203496,0.443592,1.46766,24.43,2.73,-14.35
08:39:35.2,46.2198613333333,6.08253316666667,1.38889,141,0,0.4,337,19,1.7500014,0.17568,0.408456,1.447164,20.79,5.46,-18.83
08:39:35.2,46.2198613333333,6.08253316666667,1.38889,141,0,0.4,337,19,1.7500014,0.136884,0.39528,1.414224,13.93,7.28,-23.66
08:39:35.3,46.2198613333333,6.08253433333333,0.90555628,141,0,0.4,337,19,4.8333372,0.109068,0.398208,1.385676,7.91,9.94,-27.79
08:39:35.3,46.2198613333333,6.08253433333333,0.90555628,141,0,0.4,337,19,4.8333372,0.093696,0.401868,1.355664,3.22,13.65,-30.45
08:39:35.3,46.2198613333333,6.08253433333333,0.90555628,141,0,0.4,337,19,4.8333372,0.097356,0.39162,1.341756,-1.47,17.85,-31.85
08:39:35.3,46.2198613333333,6.08253433333333,0.90555628,141,0,0.4,337,19,4.8333372,0.130296,0.388692,1.34688,-4.9,22.26,-31.5
08:39:35.3,46.2198613333333,6.08253433333333,0.90555628,141,0,0.4,337,19,4.8333372,0.188856,0.412848,1.338828,-5.53,24.15,-30.45
08:39:35.3,46.2198613333333,6.08253433333333,0.90555628,141,0,0.4,337,19,4.8333372,0.257664,0.425292,1.320528,-4.55,23.24,-29.4
08:39:35.3,46.2198613333333,6.08253433333333,0.90555628,141,0,0.4,337,19,4.8333372,0.320616,0.398208,1.342488,-1.61,21.21,-28.28
08:39:35.3,46.2198613333333,6.08253433333333,0.90555628,141,0,0.4,337,19,4.8333372,0.366732,0.370392,1.298568,-0.07,18.34,-27.16
08:39:35.3,46.2198613333333,6.08253433333333,0.90555628,141,0,0.4,337,19,4.8333372,0.398208,0.377712,1.182912,-5.67,15.82,-26.25
08:39:35.3,46.2198613333333,6.08253433333333,0.90555628,141,0,0.4,337,19,4.8333372,0.40626,0.41724,1.11264,-12.88,13.09,-24.85
08:39:35.4,46.2198615,6.08253466666667,0.39444476,141,0,0.4,337,19,5.1111152,0.357216,0.462624,1.086288,-19.6,15.26,-24.64
08:39:35.4,46.2198615,6.08253466666667,0.39444476,141,0,0.4,337,19,5.1111152,0.267912,0.488976,1.100196,-21.91,21.07,-26.39
08:39:35.4,46.2198615,6.08253466666667,0.39444476,141,0,0.4,337,19,5.1111152,0.19764,0.488244,1.10532,-18.55,24.08,-29.61
08:39:35.4,46.2198615,6.08253466666667,0.39444476,141,0,0.4,337,19,5.1111152,0.171288,0.462624,1.076772,-16.31,22.4,-34.23
08:39:35.4,46.2198615,6.08253466666667,0.39444476,141,0,0.4,337,19,5.1111152,0.16836,0.428952,1.058472,-16.45,19.04,-38.57
08:39:35.4,46.2198615,6.08253466666667,0.39444476,141,0,0.4,337,19,5.1111152,0.17934,0.399672,1.04676,-18.27,15.12,-42.35
08:39:35.4,46.2198615,6.08253466666667,0.39444476,141,0,0.4,337,19,5.1111152,0.200568,0.382104,1.004304,-20.93,11.69,-44.8
08:39:35.4,46.2198615,6.08253466666667,0.39444476,141,0,0.4,337,19,5.1111152,0.216672,0.38064,0.94428,-24.22,12.81,-45.64
08:39:35.4,46.2198615,6.08253466666667,0.39444476,141,0,0.4,337,19,5.1111152,0.210816,0.379908,0.90402,-27.23,16.03,-45.57
08:39:35.4,46.2198615,6.08253466666667,0.39444476,141,0,0.4,337,19,5.1111152,0.188856,0.371856,0.888648,-29.12,18.97,-45.57
08:39:35.5,46.2198616666667,6.0825345,0,141,0,0.4,0,0,3.9444476,0.182268,0.35868,0.877668,-28.91,20.93,-46.2
08:39:35.5,46.2198616666667,6.0825345,0,141,0,0.4,0,0,3.9444476,0.193248,0.3477,0.859368,-28.35,21.35,-47.11
08:39:35.5,46.2198616666667,6.0825345,0,141,0,0.4,0,0,3.9444476,0.20496,0.341844,0.846192,-29.82,21.42,-48.09
08:39:35.5,46.2198616666667,6.0825345,0,141,0,0.4,0,0,3.9444476,0.21594,0.339648,0.848388,-32.2,21,-49.35
08:39:35.5,46.2198616666667,6.0825345,0,141,0,0.4,0,0,3.9444476,0.226188,0.346236,0.852048,-33.81,20.58,-50.89
08:39:35.5,46.2198616666667,6.0825345,0,141,0,0.4,0,0,3.9444476,0.23424,0.364536,0.83448,-35,20.09,-52.5
08:39:35.5,46.2198616666667,6.0825345,0,141,0,0.4,0,0,3.9444476,0.231312,0.379908,0.800808,-37.8,21.07,-53.69
08:39:35.5,46.2198616666667,6.0825345,0,141,0,0.4,0,0,3.9444476,0.211548,0.389424,0.778848,-39.97,24.71,-54.32
08:39:35.5,46.2198616666667,6.0825345,0,141,0,0.4,0,0,3.9444476,0.191784,0.396012,0.77592,-41.09,27.65,-54.95
08:39:35.5,46.2198616666667,6.0825345,0,141,0,0.4,0,0,3.9444476,0.181536,0.401136,0.78324,-42,27.93,-56.07
08:39:35.6,46.2198615,6.08253416666667,0,141,0,0.4,337,19,0,0.181536,0.399672,0.767136,-42.77,28.14,-57.61
08:39:35.6,46.2198615,6.08253416666667,0,141,0,0.4,337,19,0,0.199104,0.394548,0.745176,-44.52,29.19,-58.52
08:39:35.6,46.2198615,6.08253416666667,0,141,0,0.4,337,19,0,0.216672,0.39894,0.754692,-45.15,28.21,-59.01
08:39:35.6,46.2198615,6.08253416666667,0,141,0,0.4,337,19,0,0.218868,0.398208,0.762744,-44.8,27.16,-59.01
08:39:35.6,46.2198615,6.08253416666667,0,141,0,0.4,337,19,0,0.213744,0.387228,0.743712,-45.71,26.6,-58.03
08:39:35.6,46.2198615,6.08253416666667,0,141,0,0.4,337,19,0,0.215208,0.371856,0.718824,-48.23,25.62,-56.42
08:39:35.6,46.2198615,6.08253416666667,0,141,0,0.4,337,19,0,0.218868,0.360876,0.704184,-50.89,22.96,-54.6
08:39:35.6,46.2198615,6.08253416666667,0,141,0,0.4,337,19,0,0.216672,0.357216,0.692472,-53.83,22.61,-52.5
08:39:35.6,46.2198615,6.08253416666667,0,141,0,0.4,337,19,0,0.216672,0.357216,0.68808,-56.49,22.82,-50.47
08:39:35.6,46.2198615,6.08253416666667,0,141,0,0.4,337,19,0,0.221796,0.35136,0.691008,-58.66,21.7,-48.3
08:39:35.7,46.2198613333333,6.0825335,0.46111148,141,0,0.4,337,19,4.6111148,0.232044,0.341112,0.686616,-60.55,18.97,-46.2
08:39:35.7,46.2198613333333,6.0825335,0.46111148,141,0,0.4,337,19,4.6111148,0.237168,0.341844,0.677832,-62.65,15.61,-43.82
08:39:35.7,46.2198613333333,6.0825335,0.46111148,141,0,0.4,337,19,4.6111148,0.234972,0.365268,0.701256,-64.96,12.67,-41.58
08:39:35.7,46.2198613333333,6.0825335,0.46111148,141,0,0.4,337,19,4.6111148,0.221064,0.451644,0.740784,-69.65,8.54,-39.69
08:39:35.7,46.2198613333333,6.0825335,0.46111148,141,0,0.4,337,19,4.6111148,0.185196,0.634644,0.711504,-76.3,10.57,-37.59
08:39:35.7,46.2198613333333,6.0825335,0.46111148,141,0,0.4,337,19,4.6111148,0.130296,0.833016,0.661728,-78.4,15.19,-37.17
08:39:35.7,46.2198613333333,6.0825335,0.46111148,141,0,0.4,337,19,4.6111148,0.050508,0.930372,0.725412,-72.17,15.26,-37.1
08:39:35.7,46.2198613333333,6.0825335,0.46111148,141,0,0.4,337,19,4.6111148,-0.037332,0.939888,0.777384,-61.46,17.71,-36.61
08:39:35.7,46.2198613333333,6.0825335,0.46111148,141,0,0.4,337,19,4.6111148,-0.099552,0.947208,0.723216,-55.37,23.66,-37.38
08:39:35.7,46.2198613333333,6.0825335,0.46111148,141,0,0.4,337,19,4.6111148,-0.137616,0.957456,0.707112,-51.24,24.36,-38.01
08:39:35.8,46.2198611666667,6.0825325,0.67777832,141,0,0.4,337,19,2.1666684,-0.163236,0.948672,0.718092,-46.13,21.28,-38.71
08:39:35.8,46.2198611666667,6.0825325,0.67777832,141,0,0.4,337,19,2.1666684,-0.19032,0.924516,0.68076,-43.47,20.16,-40.53
08:39:35.8,46.2198611666667,6.0825325,0.67777832,141,0,0.4,337,19,2.1666684,-0.227652,0.879864,0.656604,-41.16,22.61,-43.12
08:39:35.8,46.2198611666667,6.0825325,0.67777832,141,0,0.4,337,19,2.1666684,-0.257664,0.828624,0.660996,-38.22,24.22,-44.8
08:39:35.8,46.2198611666667,6.0825325,0.67777832,141,0,0.4,337,19,2.1666684,-0.270108,0.788364,0.644892,-36.26,23.59,-46.41
08:39:35.8,46.2198611666667,6.0825325,0.67777832,141,0,0.4,337,19,2.1666684,-0.268644,0.767136,0.621468,-35.49,23.73,-47.25
08:39:35.8,46.2198611666667,6.0825325,0.67777832,141,0,0.4,337,19,2.1666684,-0.25986,0.7686,0.613416,-35,23.24,-46.83
08:39:35.8,46.2198611666667,6.0825325,0.67777832,141,0,0.4,337,19,2.1666684,-0.247416,0.789096,0.606828,-35.49,23.1,-45.15
08:39:35.8,46.2198611666667,6.0825325,0.67777832,141,0,0.4,337,19,2.1666684,-0.229848,0.818376,0.593652,-36.12,23.87,-42.7
08:39:35.8,46.2198611666667,6.0825325,0.67777832,141,0,0.4,337,19,2.1666684,-0.218136,0.82716,0.576816,-36.19,26.04,-40.67
08:39:35.9,46.219861,6.08253133333333,0.85833402,142,0,0.4,0,0,1.805557,-0.221796,0.81618,0.560712,-35.42,30.1,-39.27
08:39:35.9,46.219861,6.08253133333333,0.85833402,142,0,0.4,0,0,1.805557,-0.225456,0.789096,0.54534,-33.25,33.74,-38.78
08:39:35.9,46.219861,6.08253133333333,0.85833402,142,0,0.4,0,0,1.805557,-0.226188,0.7503,0.540948,-31.78,35.77,-38.71
08:39:35.9,46.219861,6.08253133333333,0.85833402,142,0,0.4,0,0,1.805557,-0.229116,0.721752,0.544608,-30.59,35.56,-38.71
08:39:35.9,46.219861,6.08253133333333,0.85833402,142,0,0.4,0,0,1.805557,-0.23424,0.72102,0.542412,-30.1,34.72,-38.5
08:39:35.9,46.219861,6.08253133333333,0.85833402,142,0,0.4,0,0,1.805557,-0.24156,0.743712,0.537288,-29.75,34.79,-38.29
08:39:35.9,46.219861,6.08253133333333,0.85833402,142,0,0.4,0,0,1.805557,-0.254736,0.773724,0.527772,-29.4,35.21,-38.5
08:39:35.9,46.219861,6.08253133333333,0.85833402,142,0,0.4,0,0,1.805557,-0.260592,0.796416,0.525576,-28.98,36.61,-38.99
08:39:35.9,46.219861,6.08253133333333,0.85833402,142,0,0.4,0,0,1.805557,-0.251808,0.8052,0.529968,-28.42,36.89,-38.99
08:39:35.9,46.219861,6.08253133333333,0.85833402,142,0,0.4,0,0,1.805557,-0.234972,0.792756,0.53436,-26.95,35.77,-38.22
08:39:36.0,46.2198608333333,6.08253066666667,0.64722274,142,0,0.4,337,19,2.1111128,-0.222528,0.767136,0.540948,-24.22,35.35,-37.24
08:39:36.0,46.2198608333333,6.08253066666667,0.64722274,142,0,0.4,337,19,2.1111128,-0.207888,0.748104,0.535824,-21.63,34.65,-35.42
08:39:36.0,46.2198608333333,6.08253066666667,0.64722274,142,0,0.4,337,19,2.1111128,-0.180072,0.752496,0.525576,-20.79,32.41,-33.81
08:39:36.0,46.2198608333333,6.08253066666667,0.64722274,142,0,0.4,337,19,2.1111128,-0.166896,0.762012,0.517524,-18.76,28.98,-32.27
08:39:36.0,46.2198608333333,6.08253066666667,0.64722274,142,0,0.4,337,19,2.1111128,-0.181536,0.769332,0.521184,-17.01,27.65,-31.01
08:39:36.0,46.2198608333333,6.08253066666667,0.64722274,142,0,0.4,337,19,2.1111128,-0.19032,0.780312,0.535092,-14.98,27.58,-29.82
08:39:36.0,46.2198608333333,6.08253066666667,0.64722274,142,0,0.4,337,19,2.1111128,-0.184464,0.783972,0.54168,-14.07,25.97,-28.7
08:39:36.0,46.2198608333333,6.08253066666667,0.64722274,142,0,0.4,337,19,2.1111128,-0.17568,0.781776,0.538752,-13.09,23.8,-27.02
08:39:36.0,46.2198608333333,6.08253066666667,0.64722274,142,0,0.4,337,19,2.1111128,-0.16836,0.781044,0.532896,-11.41,23.17,-25.41
08:39:36.0,46.2198608333333,6.08253066666667,0.64722274,142,0,0.4,337,19,2.1111128,-0.162504,0.778848,0.53436,-10.64,22.68,-24.22
08:39:36.1,46.2198608333333,6.08253016666667,0.4722226,142,0,0.4,337,19,1.7500014,-0.162504,0.778848,0.535824,-11.13,20.86,-23.24
08:39:36.1,46.2198608333333,6.08253016666667,0.4722226,142,0,0.4,337,19,1.7500014,-0.158112,0.774456,0.532164,-11.41,19.32,-22.33
08:39:36.1,46.2198608333333,6.08253016666667,0.4722226,142,0,0.4,337,19,1.7500014,-0.147864,0.765672,0.532164,-10.92,17.29,-21.21
08:39:36.1,46.2198608333333,6.08253016666667,0.4722226,142,0,0.4,337,19,1.7500014,-0.14274,0.756888,0.532896,-10.85,15.05,-20.23
08:39:36.1,46.2198608333333,6.08253016666667,0.4722226,142,0,0.4,337,19,1.7500014,-0.13908,0.756156,0.531432,-11.97,13.51,-19.18
08:39:36.1,46.2198608333333,6.08253016666667,0.4722226,142,0,0.4,337,19,1.7500014,-0.136884,0.778116,0.521184,-13.23,12.32,-18.48
08:39:36.1,46.2198608333333,6.08253016666667,0.4722226,142,0,0.4,337,19,1.7500014,-0.136152,0.79422,0.509472,-14,11.55,-17.85
08:39:36.1,46.2198608333333,6.08253016666667,0.4722226,142,0,0.4,337,19,1.7500014,-0.1464,0.789096,0.50508,-14.49,10.99,-16.87
08:39:36.1,46.2198608333333,6.08253016666667,0.4722226,142,0,0.4,337,19,1.7500014,-0.163968,0.783972,0.506544,-14.42,10.36,-15.75
08:39:36.1,46.2198608333333,6.08253016666667,0.4722226,142,0,0.4,337,19,1.7500014,-0.172752,0.78324,0.510204,-14.28,9.31,-14.42
08:39:36.2,46.2198606666667,6.08252983333333,0.3194447,142,0,0.4,337,19,1.527779,-0.169092,0.793488,0.518256,-13.58,8.61,-12.81
08:39:36.2,46.2198606666667,6.08252983333333,0.3194447,142,0,0.4,337,19,1.527779,-0.15738,0.816912,0.52704,-12.25,7.7,-11.2
08:39:36.2,46.2198606666667,6.08252983333333,0.3194447,142,0,0.4,337,19,1.527779,-0.134688,0.84912,0.535824,-11.06,5.18,-9.38
08:39:36.2,46.2198606666667,6.08252983333333,0.3194447,142,0,0.4,337,19,1.527779,-0.108336,0.8784,0.540216,-9.03,1.82,-7.21
08:39:36.2,46.2198606666667,6.08252983333333,0.3194447,142,0,0.4,337,19,1.527779,-0.087108,0.891576,0.540948,-6.72,-1.47,-4.76
08:39:36.2,46.2198606666667,6.08252983333333,0.3194447,142,0,0.4,337,19,1.527779,-0.071736,0.884256,0.540216,-4.62,-3.71,-2.17
08:39:36.2,46.2198606666667,6.08252983333333,0.3194447,142,0,0.4,337,19,1.527779,-0.057828,0.864492,0.543876,-2.59,-5.32,0.7
08:39:36.2,46.2198606666667,6.08252983333333,0.3194447,142,0,0.4,337,19,1.527779,-0.049776,0.847656,0.547536,-1.19,-6.51,3.78
08:39:36.2,46.2198606666667,6.08252983333333,0.3194447,142,0,0.4,337,19,1.527779,-0.052704,0.846192,0.544608,-1.96,-8.19,7
08:39:36.2,46.2198606666667,6.08252983333333,0.3194447,142,0,0.4,337,19,1.527779,-0.06588,0.864492,0.538752,-3.08,-10.78,9.87
08:39:36.3,46.2198606666667,6.08252966666667,0,142,0,0.4,0,0,3.194447,-0.08052,0.880596,0.53802,-2.94,-12.88,12.32
08:39:36.3,46.2198606666667,6.08252966666667,0,142,0,0.4,0,0,3.194447,-0.092232,0.879864,0.543144,-2.1,-14.7,14.56
08:39:36.3,46.2198606666667,6.08252966666667,0,142,0,0.4,0,0,3.194447,-0.099552,0.866688,0.550464,-0.84,-16.8,16.31
08:39:36.3,46.2198606666667,6.08252966666667,0,142,0,0.4,0,0,3.194447,-0.100284,0.846924,0.553392,0.07,-19.11,17.71
08:39:36.3,46.2198606666667,6.08252966666667,0,142,0,0.4,0,0,3.194447,-0.097356,0.833748,0.550464,0.49,-20.86,18.9
08:39:36.3,46.2198606666667,6.08252966666667,0,142,0,0.4,0,0,3.194447,-0.09516,0.83448,0.549,0.98,-22.54,19.6
08:39:36.3,46.2198606666667,6.08252966666667,0,142,0,0.4,0,0,3.194447,-0.099552,0.8418,0.554856,1.12,-23.87,20.09
08:39:36.3,46.2198606666667,6.08252966666667,0,142,0,0.4,0,0,3.194447,-0.103944,0.844728,0.55632,0.7,-25.34,20.3
08:39:36.3,46.2198606666667,6.08252966666667,0,142,0,0.4,0,0,3.194447,-0.111264,0.84546,0.555588,0.42,-27.16,20.44
08:39:36.3,46.2198606666667,6.08252966666667,0,142,0,0.4,0,0,3.194447,-0.122244,0.843996,0.55632,0.56,-28.49,20.72
08:39:36.4,46.2198606666667,6.08252933333333,0,142,0,0.4,337,19,0,-0.13176,0.835944,0.55632,0.77,-29.47,21.07
08:39:36.4,46.2198606666667,6.08252933333333,0,142,0,0.4,337,19,0,-0.138348,0.83082,0.551196,0.77,-30.17,21.14
08:39:36.4,46.2198606666667,6.08252933333333,0,142,0,0.4,337,19,0,-0.151524,0.835944,0.54168,0.42,-30.24,20.93
08:39:36.4,46.2198606666667,6.08252933333333,0,142,0,0.4,337,19,0,-0.166164,0.852048,0.53436,-0.35,-29.96,20.44
08:39:36.4,46.2198606666667,6.08252933333333,0,142,0,0.4,337,19,0,-0.178608,0.868152,0.53436,-0.35,-30.45,19.95
08:39:36.4,46.2198606666667,6.08252933333333,0,142,0,0.4,337,19,0,-0.193248,0.87108,0.543876,0.91,-30.17,19.32
08:39:36.4,46.2198606666667,6.08252933333333,0,142,0,0.4,337,19,0,-0.20496,0.859368,0.558516,1.82,-28.77,18.62
08:39:36.4,46.2198606666667,6.08252933333333,0,142,0,0.4,337,19,0,-0.210084,0.846192,0.565104,2.1,-27.51,17.99
08:39:36.4,46.2198606666667,6.08252933333333,0,142,0,0.4,337,19,0,-0.215208,0.838872,0.565104,2.8,-26.53,17.29
08:39:36.4,46.2198606666667,6.08252933333333,0,142,0,0.4,337,19,0,-0.221064,0.833748,0.559248,3.57,-25.9,16.66
08:39:36.5,46.2198608333333,6.08252933333333,0,142,0,0.4,337,19,0,-0.225456,0.824232,0.551928,3.08,-24.78,16.24
08:39:36.5,46.2198608333333,6.08252933333333,0,142,0,0.4,337,19,0,-0.227652,0.803004,0.551928,2.8,-22.75,15.82
08:39:36.5,46.2198608333333,6.08252933333333,0,142,0,0.4,337,19,0,-0.226188,0.78324,0.555588,3.01,-21.63,15.12
08:39:36.5,46.2198608333333,6.08252933333333,0,142,0,0.4,337,19,0,-0.228384,0.781044,0.557052,1.61,-20.09,15.05
08:39:36.5,46.2198608333333,6.08252933333333,0,142,0,0.4,337,19,0,-0.233508,0.792024,0.55632,-1.89,-18.06,15.26
08:39:36.5,46.2198608333333,6.08252933333333,0,142,0,0.4,337,19,0,-0.23424,0.802272,0.557052,-4.2,-16.31,15.33
08:39:36.5,46.2198608333333,6.08252933333333,0,142,0,0.4,337,19,0,-0.236436,0.8052,0.559248,-5.39,-14.21,15.54
08:39:36.5,46.2198608333333,6.08252933333333,0,142,0,0.4,337,19,0,-0.24156,0.802272,0.56364,-6.3,-11.48,15.47
08:39:36.5,46.2198608333333,6.08252933333333,0,142,0,0.4,337,19,0,-0.244488,0.799344,0.565104,-6.37,-9.45,15.26
08:39:36.5,46.2198608333333,6.08252933333333,0,142,0,0.4,337,19,0,-0.245952,0.8052,0.56364,-6.3,-7.98,14.7
08:39:36.6,46.2198608333333,6.08252933333333,0,142,0,0.4,337,19,0,-0.24156,0.813984,0.557052,-6.72,-5.95,14.21
08:39:36.6,46.2198608333333,6.08252933333333,0,142,0,0.4,337,19,0,-0.224724,0.816912,0.550464,-7.07,-4.06,13.37
08:39:36.6,46.2198608333333,6.08252933333333,0,142,0,0.4,337,19,0,-0.194712,0.806664,0.546804,-7.28,-3.36,12.67
08:39:36.6,46.2198608333333,6.08252933333333,0,142,0,0.4,337,19,0,-0.161772,0.802272,0.554124,-8.05,-3.01,12.6
08:39:36.6,46.2198608333333,6.08252933333333,0,142,0,0.4,337,19,0,-0.13176,0.81984,0.562176,-9.1,-3.92,13.37
08:39:36.6,46.2198608333333,6.08252933333333,0,142,0,0.4,337,19,0,-0.095892,0.838872,0.559248,-10.29,-6.51,14.56
08:39:36.6,46.2198608333333,6.08252933333333,0,142,0,0.4,337,19,0,-0.04392,0.852048,0.550464,-9.87,-11.34,15.82
08:39:36.6,46.2198608333333,6.08252933333333,0,142,0,0.4,337,19,0,-0.00732,0.865224,0.54168,-9.31,-16.31,17.43
08:39:36.6,46.2198608333333,6.08252933333333,0,142,0,0.4,337,19,0,-0.004392,0.876936,0.542412,-11.83,-17.78,19.88
08:39:36.6,46.2198608333333,6.08252933333333,0,142,0,0.4,337,19,0,-0.011712,0.892308,0.554856,-13.93,-17.85,22.61
08:39:36.7,46.219861,6.08252966666667,0,142,0,0.4,0,0,0,-0.005856,0.906948,0.557784,-14.14,-19.88,25.27
08:39:36.7,46.219861,6.08252966666667,0,142,0,0.4,0,0,0,0.008784,0.917196,0.540216,-13.37,-21.84,27.86
08:39:36.7,46.219861,6.08252966666667,0,142,0,0.4,0,0,0,0.01464,0.923784,0.52704,-12.18,-23.03,30.59
08:39:36.7,46.219861,6.08252966666667,0,142,0,0.4,0,0,0,0.010248,0.931104,0.532896,-9.94,-22.75,33.04
08:39:36.7,46.219861,6.08252966666667,0,142,0,0.4,0,0,0,0.00732,0.936228,0.546072,-6.65,-22.75,35.14
08:39:36.7,46.219861,6.08252966666667,0,142,0,0.4,0,0,0,0.00732,0.920124,0.549,-2.45,-22.61,37.1
08:39:36.7,46.219861,6.08252966666667,0,142,0,0.4,0,0,0,0.017568,0.890112,0.54168,0.84,-22.54,38.5
08:39:36.7,46.219861,6.08252966666667,0,142,0,0.4,0,0,0,0.027816,0.869616,0.538752,1.61,-23.59,38.78
08:39:36.7,46.219861,6.08252966666667,0,142,0,0.4,0,0,0,0.032208,0.861564,0.53436,2.38,-25.48,38.22
08:39:36.7,46.219861,6.08252966666667,0,142,0,0.4,0,0,0,0.033672,0.859368,0.532164,3.64,-27.09,37.38
08:39:36.8,46.2198611666667,6.08252983333333,0.33888916,142,0,0.4,337,19,3.3888916,0.021228,0.858636,0.532896,4.2,-28.35,36.26
08:39:36.8,46.2198611666667,6.08252983333333,0.33888916,142,0,0.4,337,19,3.3888916,0,0.860832,0.526308,4.76,-28.42,34.86
08:39:36.8,46.2198611666667,6.08252983333333,0.33888916,142,0,0.4,337,19,3.3888916,-0.01464,0.864492,0.521184,5.67,-27.58,33.25
08:39:36.8,46.2198611666667,6.08252983333333,0.33888916,142,0,0.4,337,19,3.3888916,-0.01464,0.865224,0.521184,7.21,-27.23,31.85
08:39:36.8,46.2198611666667,6.08252983333333,0.33888916,142,0,0.4,337,19,3.3888916,-0.010248,0.865224,0.521184,9.66,-26.95,30.38
08:39:36.8,46.2198611666667,6.08252983333333,0.33888916,142,0,0.4,337,19,3.3888916,-0.00732,0.869616,0.524844,12.39,-25.27,28.98
08:39:36.8,46.2198611666667,6.08252983333333,0.33888916,142,0,0.4,337,19,3.3888916,-0.006588,0.873276,0.529968,14.14,-22.96,28
08:39:36.8,46.2198611666667,6.08252983333333,0.33888916,142,0,0.4,337,19,3.3888916,-0.008784,0.869616,0.540948,15.89,-20.09,26.53
08:39:36.8,46.2198611666667,6.08252983333333,0.33888916,142,0,0.4,337,19,3.3888916,-0.00732,0.859368,0.551928,18.13,-17.22,24.78
08:39:36.8,46.2198611666667,6.08252983333333,0.33888916,142,0,0.4,337,19,3.3888916,0,0.846192,0.551196,20.23,-14.21,22.82
08:39:36.9,46.2198613333333,6.08253016666667,0.32500026,142,0,0.4,337,19,0.138889,0.005856,0.833016,0.547536,22.19,-10.08,20.93
08:39:36.9,46.2198613333333,6.08253016666667,0.32500026,142,0,0.4,337,19,0.138889,0.006588,0.818376,0.54168,22.54,-6.3,19.18
08:39:36.9,46.2198613333333,6.08253016666667,0.32500026,142,0,0.4,337,19,0.138889,0.01098,0.806664,0.546072,21.35,-3.22,17.22
08:39:36.9,46.2198613333333,6.08253016666667,0.32500026,142,0,0.4,337,19,0.138889,0.016104,0.804468,0.558516,20.02,0,14.7
08:39:36.9,46.2198613333333,6.08253016666667,0.32500026,142,0,0.4,337,19,0.138889,0.02928,0.810324,0.57096,19.18,2.87,12.18
08:39:36.9,46.2198613333333,6.08253016666667,0.32500026,142,0,0.4,337,19,0.138889,0.046848,0.810324,0.588528,19.39,4.55,9.8
08:39:36.9,46.2198613333333,6.08253016666667,0.32500026,142,0,0.4,337,19,0.138889,0.064416,0.805932,0.599508,19.81,6.02,7.63
08:39:36.9,46.2198613333333,6.08253016666667,0.32500026,142,0,0.4,337,19,0.138889,0.089304,0.800808,0.600972,20.44,6.79,5.88
08:39:36.9,46.2198613333333,6.08253016666667,0.32500026,142,0,0.4,337,19,0.138889,0.115656,0.792756,0.597312,20.86,7.35,4.13
08:39:36.9,46.2198613333333,6.08253016666667,0.32500026,142,0,0.4,337,19,0.138889,0.142008,0.787632,0.597312,19.39,7.07,2.17
08:39:37.0,46.2198615,6.08253066666667,0.3472225,142,0,0.4,337,19,0.2222224,0.005856,0.833016,0.547536,22.19,-10.08,20.93
08:39:37.0,46.2198615,6.08253066666667,0.3472225,142,0,0.4,337,19,0.2222224,0.006588,0.818376,0.54168,22.54,-6.3,19.18
08:39:37.0,46.2198615,6.08253066666667,0.3472225,142,0,0.4,337,19,0.2222224,0.01098,0.806664,0.546072,21.35,-3.22,17.22
08:39:37.0,46.2198615,6.08253066666667,0.3472225,142,0,0.4,337,19,0.2222224,0.016104,0.804468,0.558516,20.02,0,14.7
08:39:37.0,46.2198615,6.08253066666667,0.3472225,142,0,0.4,337,19,0.2222224,0.02928,0.810324,0.57096,19.18,2.87,12.18
08:39:37.0,46.2198615,6.08253066666667,0.3472225,142,0,0.4,337,19,0.2222224,0.046848,0.810324,0.588528,19.39,4.55,9.8
08:39:37.0,46.2198615,6.08253066666667,0.3472225,142,0,0.4,337,19,0.2222224,0.064416,0.805932,0.599508,19.81,6.02,7.63
08:39:37.0,46.2198615,6.08253066666667,0.3472225,142,0,0.4,337,19,0.2222224,0.089304,0.800808,0.600972,20.44,6.79,5.88
08:39:37.0,46.2198615,6.08253066666667,0.3472225,142,0,0.4,337,19,0.2222224,0.115656,0.792756,0.597312,20.86,7.35,4.13
08:39:37.0,46.2198615,6.08253066666667,0.3472225,142,0,0.4,337,19,0.2222224,0.142008,0.787632,0.597312,19.39,7.07,2.17
08:39:37.1,46.2198616666667,6.082531,0.3611114,142,0,0.4,337,19,0.138889,0.169824,0.785436,0.6039,18.41,6.09,0.63
08:39:37.1,46.2198616666667,6.082531,0.3611114,142,0,0.4,337,19,0.138889,0.196176,0.77958,0.609756,17.57,6.3,-0.35
08:39:37.1,46.2198616666667,6.082531,0.3611114,142,0,0.4,337,19,0.138889,0.218136,0.778116,0.609024,15.75,6.3,-0.91
08:39:37.1,46.2198616666667,6.082531,0.3611114,142,0,0.4,337,19,0.138889,0.232044,0.783972,0.615612,14.21,6.65,-0.91
08:39:37.1,46.2198616666667,6.082531,0.3611114,142,0,0.4,337,19,0.138889,0.240096,0.803736,0.616344,12.39,7.42,-1.12
08:39:37.1,46.2198616666667,6.082531,0.3611114,142,0,0.4,337,19,0.138889,0.244488,0.81984,0.594384,10.08,8.12,-1.54
08:39:37.1,46.2198616666667,6.082531,0.3611114,142,0,0.4,337,19,0.138889,0.249612,0.815448,0.576816,8.33,7.84,-2.03
08:39:37.1,46.2198616666667,6.082531,0.3611114,142,0,0.4,337,19,0.138889,0.251808,0.809592,0.576084,5.74,7.14,-2.45
08:39:37.1,46.2198616666667,6.082531,0.3611114,142,0,0.4,337,19,0.138889,0.24888,0.81252,0.57462,3.08,6.09,-2.52
08:39:37.1,46.2198616666667,6.082531,0.3611114,142,0,0.4,337,19,0.138889,0.244488,0.809592,0.561444,1.05,4.97,-2.38
08:39:37.2,46.2198618333333,6.08253116666667,0,143,0,0.4,0,0,3.611114,0.247416,0.79788,0.553392,-1.61,3.99,-2.24
08:39:37.2,46.2198618333333,6.08253116666667,0,143,0,0.4,0,0,3.611114,0.251808,0.792024,0.55632,-4.27,2.52,-1.89
08:39:37.2,46.2198618333333,6.08253116666667,0,143,0,0.4,0,0,3.611114,0.2562,0.792024,0.560712,-5.81,1.54,-1.61
08:39:37.2,46.2198618333333,6.08253116666667,0,143,0,0.4,0,0,3.611114,0.26352,0.802272,0.553392,-7.56,-0.21,-1.12
08:39:37.2,46.2198618333333,6.08253116666667,0,143,0,0.4,0,0,3.611114,0.265716,0.815448,0.536556,-10.71,-2.31,-0.35
08:39:37.2,46.2198618333333,6.08253116666667,0,143,0,0.4,0,0,3.611114,0.262788,0.820572,0.529236,-13.65,-4.13,0.35
08:39:37.2,46.2198618333333,6.08253116666667,0,143,0,0.4,0,0,3.611114,0.259128,0.816912,0.536556,-15.05,-6.02,1.05
08:39:37.2,46.2198618333333,6.08253116666667,0,143,0,0.4,0,0,3.611114,0.2562,0.803736,0.54534,-14.98,-7.98,1.68
08:39:37.2,46.2198618333333,6.08253116666667,0,143,0,0.4,0,0,3.611114,0.253272,0.789096,0.543144,-15.33,-9.24,2.1
08:39:37.2,46.2198618333333,6.08253116666667,0,143,0,0.4,0,0,3.611114,0.250344,0.782508,0.532896,-16.03,-9.87,2.52
08:39:37.3,46.2198618333333,6.08253116666667,0,143,0,0.4,337,19,0,0.245952,0.781776,0.526308,-16.8,-10.57,2.94
08:39:37.3,46.2198618333333,6.08253116666667,0,143,0,0.4,337,19,0,0.240828,0.796416,0.528504,-18.34,-10.92,3.36
08:39:37.3,46.2198618333333,6.08253116666667,0,143,0,0.4,337,19,0,0.229848,0.83448,0.537288,-20.16,-11.62,3.99
08:39:37.3,46.2198618333333,6.08253116666667,0,143,0,0.4,337,19,0,0.20496,0.891576,0.53436,-22.05,-11.06,4.9
08:39:37.3,46.2198618333333,6.08253116666667,0,143,0,0.4,337,19,0,0.173484,0.941352,0.531432,-23.45,-10.36,4.9
08:39:37.3,46.2198618333333,6.08253116666667,0,143,0,0.4,337,19,0,0.144936,0.964044,0.537288,-21.98,-9.24,4.41
08:39:37.3,46.2198618333333,6.08253116666667,0,143,0,0.4,337,19,0,0.11712,0.957456,0.540216,-18.55,-7.98,3.57
08:39:37.3,46.2198618333333,6.08253116666667,0,143,0,0.4,337,19,0,0.082716,0.950136,0.549732,-14.56,-6.44,2.03
08:39:37.3,46.2198618333333,6.08253116666667,0,143,0,0.4,337,19,0,0.046848,0.963312,0.55998,-11.62,-3.78,-0.07
08:39:37.3,46.2198618333333,6.08253116666667,0,143,0,0.4,337,19,0,0.02928,0.982344,0.560712,-10.29,-1.33,-2.59
08:39:37.4,46.2198616666667,6.082531,0,143,0,0.4,337,19,0,0.019032,0.996984,0.55632,-9.66,1.54,-5.18
08:39:37.4,46.2198616666667,6.082531,0,143,0,0.4,337,19,0,0.005856,0.992592,0.546072,-6.72,5.95,-7.77
08:39:37.4,46.2198616666667,6.082531,0,143,0,0.4,337,19,0,-0.000732,0.956724,0.53436,-2.17,10.08,-10.36
08:39:37.4,46.2198616666667,6.082531,0,143,0,0.4,337,19,0,0.001464,0.890112,0.51972,2.31,12.25,-13.16
08:39:37.4,46.2198616666667,6.082531,0,143,0,0.4,337,19,0,0.010248,0.822768,0.510204,4.83,11.69,-15.96
08:39:37.4,46.2198616666667,6.082531,0,143,0,0.4,337,19,0,0.026352,0.781776,0.510204,5.46,10.15,-18.62
08:39:37.4,46.2198616666667,6.082531,0,143,0,0.4,337,19,0,0.049776,0.777384,0.51606,3.85,9.24,-20.72
08:39:37.4,46.2198616666667,6.082531,0,143,0,0.4,337,19,0,0.0732,0.798612,0.524112,2.45,9.03,-21.98
08:39:37.4,46.2198616666667,6.082531,0,143,0,0.4,337,19,0,0.0915,0.822036,0.529968,2.52,9.59,-22.54
08:39:37.4,46.2198616666667,6.082531,0,143,0,0.4,337,19,0,0.106872,0.832284,0.538752,3.85,10.29,-21.98
08:39:37.5,46.2198615,6.082531,0,143,0,0.4,337,19,0,0.111996,0.830088,0.55266,5.81,11.27,-20.79
08:39:37.5,46.2198615,6.082531,0,143,0,0.4,337,19,0,0.103944,0.826428,0.566568,7.63,13.09,-19.53
08:39:37.5,46.2198615,6.082531,0,143,0,0.4,337,19,0,0.090768,0.825696,0.57828,8.54,14.35,-18.48
08:39:37.5,46.2198615,6.082531,0,143,0,0.4,337,19,0,0.0732,0.822768,0.5856,8.05,13.65,-17.78
08:39:37.5,46.2198615,6.082531,0,143,0,0.4,337,19,0,0.057828,0.818376,0.591456,8.82,13.09,-17.57
08:39:37.5,46.2198615,6.082531,0,143,0,0.4,337,19,0,0.050508,0.81984,0.593652,10.08,12.39,-17.5
08:39:37.5,46.2198615,6.082531,0,143,0,0.4,337,19,0,0.04758,0.817644,0.589992,9.45,11.34,-17.43
08:39:37.5,46.2198615,6.082531,0,143,0,0.4,337,19,0,0.042456,0.815448,0.5856,7.63,10.64,-17.36
08:39:37.5,46.2198615,6.082531,0,143,0,0.4,337,19,0,0.0366,0.81984,0.58926,6.79,11.27,-17.08
08:39:37.5,46.2198615,6.082531,0,143,0,0.4,337,19,0,0.033672,0.828624,0.59292,6.65,11.34,-16.94
08:39:37.7,46.2198611666667,6.08253083333333,0,143,0,0.4,0,0,0,0.053436,0.828624,0.568032,5.46,3.15,-14.91
08:39:37.7,46.2198611666667,6.08253083333333,0,143,0,0.4,0,0,0,0.051972,0.83448,0.573888,5.39,1.68,-14.35
08:39:37.7,46.2198611666667,6.08253083333333,0,143,0,0.4,0,0,0,0.054168,0.828624,0.583404,6.23,0.07,-13.79
08:39:37.7,46.2198611666667,6.08253083333333,0,143,0,0.4,0,0,0,0.057828,0.81252,0.588528,6.51,-1.19,-12.81
08:39:37.7,46.2198611666667,6.08253083333333,0,143,0,0.4,0,0,0,0.055632,0.8052,0.588528,6.44,-2.94,-11.48
08:39:37.7,46.2198611666667,6.08253083333333,0,143,0,0.4,0,0,0,0.04392,0.808128,0.584136,6.23,-4.62,-10.08
08:39:37.7,46.2198611666667,6.08253083333333,0,143,0,0.4,0,0,0,0.032208,0.811788,0.584868,5.81,-5.81,-8.61
08:39:37.7,46.2198611666667,6.08253083333333,0,143,0,0.4,0,0,0,0.02928,0.811056,0.589992,6.02,-6.79,-7.49
08:39:37.7,46.2198611666667,6.08253083333333,0,143,0,0.4,0,0,0,0.024156,0.813984,0.594384,7.07,-7.14,-6.37
08:39:37.7,46.2198611666667,6.08253083333333,0,143,0,0.4,0,0,0,0.005856,0.81984,0.597312,7.7,-7,-5.39
08:39:37.8,46.219861,6.08253066666667,0,143,0,0.4,337,19,0,-0.011712,0.822036,0.603168,8.05,-6.86,-4.76
08:39:37.8,46.219861,6.08253066666667,0,143,0,0.4,337,19,0,-0.012444,0.818376,0.61122,8.12,-7.07,-4.13
08:39:37.8,46.219861,6.08253066666667,0,143,0,0.4,337,19,0,-0.001464,0.811056,0.617076,7.7,-7.49,-3.36
08:39:37.8,46.219861,6.08253066666667,0,143,0,0.4,337,19,0,0.010248,0.8052,0.615612,8.26,-7.77,-2.59
08:39:37.8,46.219861,6.08253066666667,0,143,0,0.4,337,19,0,0.0183,0.800808,0.61488,8.47,-8.82,-1.68
08:39:37.8,46.219861,6.08253066666667,0,143,0,0.4,337,19,0,0.022692,0.79788,0.626592,7.98,-10.43,-0.91
08:39:37.8,46.219861,6.08253066666667,0,143,0,0.4,337,19,0,0.027816,0.794952,0.650016,7.98,-12.25,0.07
08:39:37.8,46.219861,6.08253066666667,0,143,0,0.4,337,19,0,0.040992,0.791292,0.663192,8.05,-15.47,0.91
08:39:37.8,46.219861,6.08253066666667,0,143,0,0.4,337,19,0,0.062952,0.789096,0.660996,7.21,-18.83,1.61
08:39:37.8,46.219861,6.08253066666667,0,143,0,0.4,337,19,0,0.081984,0.789828,0.65148,6.3,-21.7,2.59
08:39:37.9,46.2198608333333,6.08253066666667,0,143,0,0.4,337,19,0,0.093696,0.798612,0.641964,4.62,-24.92,3.57
08:39:37.9,46.2198608333333,6.08253066666667,0,143,0,0.4,337,19,0,0.103944,0.809592,0.635376,3.64,-28.63,4.55
08:39:37.9,46.2198608333333,6.08253066666667,0,143,0,0.4,337,19,0,0.106872,0.817644,0.625128,3.01,-32.76,5.6
08:39:37.9,46.2198608333333,6.08253066666667,0,143,0,0.4,337,19,0,0.109068,0.819108,0.615612,1.96,-35.49,6.72
08:39:37.9,46.2198608333333,6.08253066666667,0,143,0,0.4,337,19,0,0.1098,0.815448,0.604632,1.68,-38.29,8.05
08:39:37.9,46.2198608333333,6.08253066666667,0,143,0,0.4,337,19,0,0.108336,0.816912,0.594384,1.54,-40.18,9.17
08:39:37.9,46.2198608333333,6.08253066666667,0,143,0,0.4,337,19,0,0.111996,0.827892,0.58926,1.82,-42.98,10.22
08:39:37.9,46.2198608333333,6.08253066666667,0,143,0,0.4,337,19,0,0.117852,0.844728,0.587064,2.1,-46.41,11.34
08:39:37.9,46.2198608333333,6.08253066666667,0,143,0,0.4,337,19,0,0.127368,0.859368,0.581208,2.59,-50.12,12.32
08:39:37.9,46.2198608333333,6.08253066666667,0,143,0,0.4,337,19,0,0.133224,0.869616,0.573888,4.2,-53.48,13.16
08:39:38.0,46.2198606666667,6.08253033333333,0,143,0,0.4,0,0,0,0.13176,0.879864,0.57096,6.23,-57.4,13.93
08:39:38.0,46.2198606666667,6.08253033333333,0,143,0,0.4,0,0,0,0.125904,0.890844,0.562176,8.33,-61.74,14.77
08:39:38.0,46.2198606666667,6.08253033333333,0,143,0,0.4,0,0,0,0.112728,0.895968,0.546804,10.71,-66.22,15.96
08:39:38.0,46.2198606666667,6.08253033333333,0,143,0,0.4,0,0,0,0.087108,0.901824,0.529968,13.79,-70.63,17.22
08:39:38.0,46.2198606666667,6.08253033333333,0,143,0,0.4,0,0,0,0.052704,0.901824,0.511668,16.87,-74.06,18.83
08:39:38.0,46.2198606666667,6.08253033333333,0,143,0,0.4,0,0,0,0.01098,0.89304,0.499224,20.3,-75.74,20.72
08:39:38.0,46.2198606666667,6.08253033333333,0,143,0,0.4,0,0,0,-0.02928,0.881328,0.494832,25.13,-76.93,22.75
08:39:38.0,46.2198606666667,6.08253033333333,0,143,0,0.4,0,0,0,-0.064416,0.862296,0.489708,30.59,-78.68,24.5
08:39:38.0,46.2198606666667,6.08253033333333,0,143,0,0.4,0,0,0,-0.095892,0.837408,0.484584,34.86,-80.29,26.18
08:39:38.0,46.2198606666667,6.08253033333333,0,143,0,0.4,0,0,0,-0.128832,0.81252,0.48312,36.96,-80.99,27.44
08:39:38.1,46.2198603333333,6.08253016666667,0.3750003,143,0,0.4,337,19,3.750003,-0.171288,0.786168,0.485316,38.01,-80.71,28.42
08:39:38.1,46.2198603333333,6.08253016666667,0.3750003,143,0,0.4,337,19,3.750003,-0.229116,0.764208,0.50142,38.08,-77.77,29.33
08:39:38.1,46.2198603333333,6.08253016666667,0.3750003,143,0,0.4,337,19,3.750003,-0.28914,0.748836,0.540948,36.82,-71.4,30.24
08:39:38.1,46.2198603333333,6.08253016666667,0.3750003,143,0,0.4,337,19,3.750003,-0.343308,0.733464,0.586332,34.09,-65.24,30.73
08:39:38.1,46.2198603333333,6.08253016666667,0.3750003,143,0,0.4,337,19,3.750003,-0.397476,0.723216,0.623664,31.92,-59.5,30.03
08:39:38.1,46.2198603333333,6.08253016666667,0.3750003,143,0,0.4,337,19,3.750003,-0.443592,0.72102,0.6588,31.85,-53.76,29.12
08:39:38.1,46.2198603333333,6.08253016666667,0.3750003,143,0,0.4,337,19,3.750003,-0.466284,0.716628,0.682224,31.64,-50.4,27.65
08:39:38.1,46.2198603333333,6.08253016666667,0.3750003,143,0,0.4,337,19,3.750003,-0.46848,0.712968,0.686616,27.58,-49.77,25.34
08:39:38.1,46.2198603333333,6.08253016666667,0.3750003,143,0,0.4,337,19,3.750003,-0.456768,0.7137,0.66612,22.47,-51.38,23.1
08:39:38.1,46.2198603333333,6.08253016666667,0.3750003,143,0,0.4,337,19,3.750003,-0.438468,0.721752,0.62952,15.68,-51.45,21.42
08:39:38.2,46.2198601666667,6.08253,0,143,0,0.4,337,19,3.750003,-0.41724,0.732,0.61488,8.47,-49.14,20.44
08:39:38.2,46.2198601666667,6.08253,0,143,0,0.4,337,19,3.750003,-0.406992,0.737856,0.630252,1.75,-47.95,19.53
08:39:38.2,46.2198601666667,6.08253,0,143,0,0.4,337,19,3.750003,-0.401136,0.73932,0.647088,-1.82,-47.6,18.48
08:39:38.2,46.2198601666667,6.08253,0,143,0,0.4,337,19,3.750003,-0.386496,0.730536,0.650016,-3.71,-47.67,17.71
08:39:38.2,46.2198601666667,6.08253,0,143,0,0.4,337,19,3.750003,-0.370392,0.716628,0.632448,-5.39,-45.22,17.5
08:39:38.2,46.2198601666667,6.08253,0,143,0,0.4,337,19,3.750003,-0.368928,0.701256,0.60756,-8.68,-39.41,17.5
08:39:38.2,46.2198601666667,6.08253,0,143,0,0.4,337,19,3.750003,-0.382104,0.68076,0.589992,-12.74,-34.09,17.92
08:39:38.2,46.2198601666667,6.08253,0,143,0,0.4,337,19,3.750003,-0.398208,0.66612,0.57828,-17.71,-28.7,18.27
08:39:38.2,46.2198601666667,6.08253,0,143,0,0.4,337,19,3.750003,-0.404064,0.663192,0.5673,-23.66,-22.61,18.41
08:39:38.2,46.2198601666667,6.08253,0,143,0,0.4,337,19,3.750003,-0.401868,0.665388,0.554856,-29.05,-18.2,18.62
08:39:38.3,46.2198601666667,6.08253016666667,0,143,0,0.4,337,19,0,-0.393816,0.66612,0.54534,-33.46,-15.05,18.2
08:39:38.3,46.2198601666667,6.08253016666667,0,143,0,0.4,337,19,0,-0.37332,0.661728,0.538752,-38.36,-11.48,17.57
08:39:38.3,46.2198601666667,6.08253016666667,0,143,0,0.4,337,19,0,-0.357216,0.655872,0.532896,-42.84,-8.61,17.43
08:39:38.3,46.2198601666667,6.08253016666667,0,143,0,0.4,337,19,0,-0.349896,0.654408,0.517524,-46.83,-5.53,17.36
08:39:38.3,46.2198601666667,6.08253016666667,0,143,0,0.4,337,19,0,-0.338184,0.654408,0.494832,-51.24,-4.2,17.5
08:39:38.3,46.2198601666667,6.08253016666667,0,143,0,0.4,337,19,0,-0.332328,0.657336,0.480924,-55.65,-2.31,17.78
08:39:38.3,46.2198601666667,6.08253016666667,0,143,0,0.4,337,19,0,-0.335256,0.664656,0.467748,-58.73,0.28,18.06
08:39:38.3,46.2198601666667,6.08253016666667,0,143,0,0.4,337,19,0,-0.326472,0.669048,0.437004,-59.78,3.15,18.2
08:39:38.3,46.2198601666667,6.08253016666667,0,143,0,0.4,337,19,0,-0.308904,0.670512,0.401868,-60.55,6.65,18.9
08:39:38.3,46.2198601666667,6.08253016666667,0,143,0,0.4,337,19,0,-0.288408,0.68076,0.376248,-61.46,10.78,19.67
08:39:38.4,46.2198603333333,6.08253033333333,0,143,0,0.4,0,0,0,-0.255468,0.68808,0.352824,-60.97,12.25,20.16
08:39:38.4,46.2198603333333,6.08253033333333,0,143,0,0.4,0,0,0,-0.213744,0.694668,0.342576,-58.59,13.65,20.51
08:39:38.4,46.2198603333333,6.08253033333333,0,143,0,0.4,0,0,0,-0.16836,0.723216,0.349896,-56.07,15.4,21.42
08:39:38.4,46.2198603333333,6.08253033333333,0,143,0,0.4,0,0,0,-0.114924,0.780312,0.366,-54.18,16.94,21.77
08:39:38.4,46.2198603333333,6.08253033333333,0,143,0,0.4,0,0,0,-0.06222,0.86376,0.39528,-52.57,17.71,21.49
08:39:38.4,46.2198603333333,6.08253033333333,0,143,0,0.4,0,0,0,-0.020496,0.959652,0.434808,-48.44,15.68,21.91
08:39:38.4,46.2198603333333,6.08253033333333,0,143,0,0.4,0,0,0,0.008784,1.035048,0.469944,-40.04,14.49,22.82
08:39:38.4,46.2198603333333,6.08253033333333,0,143,0,0.4,0,0,0,0.039528,1.074576,0.494832,-30.03,14.84,23.38
08:39:38.4,46.2198603333333,6.08253033333333,0,143,0,0.4,0,0,0,0.070272,1.070184,0.500688,-20.93,12.25,23.8
08:39:38.4,46.2198603333333,6.08253033333333,0,143,0,0.4,0,0,0,0.08052,1.029192,0.480192,-11.83,10.22,24.08
08:39:38.5,46.2198605,6.08253083333333,0.3611114,143,0,0.4,337,19,3.611114,0.083448,0.985272,0.4575,-4.27,10.78,23.8
08:39:38.5,46.2198605,6.08253083333333,0.3611114,143,0,0.4,337,19,3.611114,0.083448,0.960384,0.43554,0.91,10.08,23.94
08:39:38.5,46.2198605,6.08253083333333,0.3611114,143,0,0.4,337,19,3.611114,0.087108,0.953064,0.407724,3.36,10.01,23.8
08:39:38.5,46.2198605,6.08253083333333,0.3611114,143,0,0.4,337,19,3.611114,0.101748,0.965508,0.398208,3.64,9.52,22.75
08:39:38.5,46.2198605,6.08253083333333,0.3611114,143,0,0.4,337,19,3.611114,0.118584,1.001376,0.415044,2.87,7.77,21.21
08:39:38.5,46.2198605,6.08253083333333,0.3611114,143,0,0.4,337,19,3.611114,0.133956,1.040172,0.421632,2.66,3.29,18.97
08:39:38.5,46.2198605,6.08253083333333,0.3611114,143,0,0.4,337,19,3.611114,0.152256,1.067256,0.401868,3.64,-1.82,16.24
08:39:38.5,46.2198605,6.08253083333333,0.3611114,143,0,0.4,337,19,3.611114,0.165432,1.09068,0.377712,7.07,-5.18,14.98
08:39:38.5,46.2198605,6.08253083333333,0.3611114,143,0,0.4,337,19,3.611114,0.169824,1.113372,0.357948,8.96,-5.18,14.21
08:39:38.5,46.2198605,6.08253083333333,0.3611114,143,0,0.4,337,19,3.611114,0.166896,1.1346,0.345504,8.33,-3.36,14.28
08:39:38.6,46.2198605,6.08253116666667,0.30833358,143,0,0.4,337,19,0.5277782,0.15006,1.152168,0.333792,6.65,-1.68,14.7
08:39:38.6,46.2198605,6.08253116666667,0.30833358,143,0,0.4,337,19,0.5277782,0.1098,1.175592,0.32574,4.55,2.31,14.14
08:39:38.6,46.2198605,6.08253116666667,0.30833358,143,0,0.4,337,19,0.5277782,0.062952,1.18584,0.326472,4.9,6.51,13.09
08:39:38.6,46.2198605,6.08253116666667,0.30833358,143,0,0.4,337,19,0.5277782,0.027816,1.161684,0.317688,7.07,7.35,11.83
08:39:38.6,46.2198605,6.08253116666667,0.30833358,143,0,0.4,337,19,0.5277782,0.013908,1.12362,0.309636,9.03,8.19,9.38
08:39:38.6,46.2198605,6.08253116666667,0.30833358,143,0,0.4,337,19,0.5277782,0.030744,1.085556,0.308904,10.71,9.52,6.58
08:39:38.6,46.2198605,6.08253116666667,0.30833358,143,0,0.4,337,19,0.5277782,0.057828,1.051152,0.30378,12.88,11.06,4.34
08:39:38.6,46.2198605,6.08253116666667,0.30833358,143,0,0.4,337,19,0.5277782,0.081984,1.01748,0.293532,14.98,11.55,2.45
08:39:38.6,46.2198605,6.08253116666667,0.30833358,143,0,0.4,337,19,0.5277782,0.107604,0.985272,0.281088,16.73,12.81,1.68
08:39:38.6,46.2198605,6.08253116666667,0.30833358,143,0,0.4,337,19,0.5277782,0.142008,0.955992,0.275232,17.43,13.51,1.96
08:39:38.7,46.2198603333333,6.08253183333333,0.42222256,143,0,0.4,337,19,1.1388898,0.169824,0.928908,0.264984,17.64,13.58,2.66
08:39:38.7,46.2198603333333,6.08253183333333,0.42222256,143,0,0.4,337,19,1.1388898,0.187392,0.895968,0.24888,16.73,14.49,3.15
08:39:38.7,46.2198603333333,6.08253183333333,0.42222256,143,0,0.4,337,19,1.1388898,0.205692,0.861564,0.237168,15.26,14.14,3.92
08:39:38.7,46.2198603333333,6.08253183333333,0.42222256,143,0,0.4,337,19,1.1388898,0.221064,0.83448,0.229848,13.79,12.88,4.48
08:39:38.7,46.2198603333333,6.08253183333333,0.42222256,143,0,0.4,337,19,1.1388898,0.223992,0.81984,0.22692,12.81,11.83,4.76
08:39:38.7,46.2198603333333,6.08253183333333,0.42222256,143,0,0.4,337,19,1.1388898,0.21594,0.81618,0.216672,12.39,11.48,4.76
08:39:38.7,46.2198603333333,6.08253183333333,0.42222256,143,0,0.4,337,19,1.1388898,0.20496,0.808128,0.196176,11.9,10.5,4.41
08:39:38.7,46.2198603333333,6.08253183333333,0.42222256,143,0,0.4,337,19,1.1388898,0.19032,0.792756,0.178608,12.04,8.19,3.43
08:39:38.7,46.2198603333333,6.08253183333333,0.42222256,143,0,0.4,337,19,1.1388898,0.181536,0.775188,0.16836,13.3,4.83,2.45
08:39:38.7,46.2198603333333,6.08253183333333,0.42222256,143,0,0.4,337,19,1.1388898,0.185196,0.756888,0.159576,14.77,1.82,1.47
08:39:38.8,46.21986,6.08253283333333,0.70000056,144,0,0.4,0,0,2.77778,0.199104,0.737124,0.147132,16.1,-0.98,0.77
08:39:38.8,46.21986,6.08253283333333,0.70000056,144,0,0.4,0,0,2.77778,0.214476,0.71004,0.130296,16.73,-3.92,0.84
08:39:38.8,46.21986,6.08253283333333,0.70000056,144,0,0.4,0,0,2.77778,0.223992,0.682224,0.11712,15.89,-6.02,1.47
08:39:38.8,46.21986,6.08253283333333,0.70000056,144,0,0.4,0,0,2.77778,0.222528,0.671244,0.1098,14.07,-7.56,2.38
08:39:38.8,46.21986,6.08253283333333,0.70000056,144,0,0.4,0,0,2.77778,0.206424,0.671976,0.098088,13.16,-7.49,3.57
08:39:38.8,46.21986,6.08253283333333,0.70000056,144,0,0.4,0,0,2.77778,0.181536,0.666852,0.08052,12.6,-6.51,5.04
08:39:38.8,46.21986,6.08253283333333,0.70000056,144,0,0.4,0,0,2.77778,0.144936,0.652944,0.068808,9.38,-5.32,5.95
08:39:38.8,46.21986,6.08253283333333,0.70000056,144,0,0.4,0,0,2.77778,0.098088,0.623664,0.072468,6.09,-3.85,6.58
08:39:38.8,46.21986,6.08253283333333,0.70000056,144,0,0.4,0,0,2.77778,0.049044,0.581208,0.079056,5.39,-2.66,6.02
08:39:38.8,46.21986,6.08253283333333,0.70000056,144,0,0.4,0,0,2.77778,0.010248,0.535824,0.089304,9.03,-3.15,3.78
08:39:38.9,46.2198591666667,6.08253383333333,0.90833406,144,0,0.4,337,19,2.083335,-0.00366,0.484584,0.092964,16.1,-5.74,0.63
08:39:38.9,46.2198591666667,6.08253383333333,0.90833406,144,0,0.4,337,19,2.083335,0.009516,0.432612,0.10248,19.18,-5.32,-1.26
08:39:38.9,46.2198591666667,6.08253383333333,0.90833406,144,0,0.4,337,19,2.083335,0.048312,0.398208,0.132492,16.87,-6.58,-1.33
08:39:38.9,46.2198591666667,6.08253383333333,0.90833406,144,0,0.4,337,19,2.083335,0.09516,0.359412,0.17202,12.81,-13.16,-1.19
08:39:38.9,46.2198591666667,6.08253383333333,0.90833406,144,0,0.4,337,19,2.083335,0.138348,0.30378,0.245952,9.87,-18.69,0.07
08:39:38.9,46.2198591666667,6.08253383333333,0.90833406,144,0,0.4,337,19,2.083335,0.16104,0.3294,0.256932,6.3,-18.27,4.55
08:39:38.9,46.2198591666667,6.08253383333333,0.90833406,144,0,0.4,337,19,2.083335,0.13176,0.467016,0.24888,-3.43,-11.2,9.24
08:39:38.9,46.2198591666667,6.08253383333333,0.90833406,144,0,0.4,337,19,2.083335,0.013176,0.628056,0.491904,-8.26,-11.41,10.78
08:39:38.9,46.2198591666667,6.08253383333333,0.90833406,144,0,0.4,337,19,2.083335,-0.15372,0.818376,0.941352,5.67,10.78,10.29
08:39:38.9,46.2198591666667,6.08253383333333,0.90833406,144,0,0.4,337,19,2.083335,-0.187392,0.994056,1.136064,28.84,24.64,5.04
08:39:39.0,46.2198581666667,6.08253483333333,1.04722306,144,0,0.4,337,19,1.38889,-0.1464,1.052616,0.994056,39.34,2.31,2.31
08:39:39.0,46.2198581666667,6.08253483333333,1.04722306,144,0,0.4,337,19,1.38889,-0.140544,0.8967,0.839604,48.37,-8.12,1.96
08:39:39.0,46.2198581666667,6.08253483333333,1.04722306,144,0,0.4,337,19,1.38889,-0.106872,0.681492,0.818376,52.64,-13.51,1.75
08:39:39.0,46.2198581666667,6.08253483333333,1.04722306,144,0,0.4,337,19,1.38889,-0.04392,0.63318,0.839604,41.09,-20.58,-2.1
08:39:39.0,46.2198581666667,6.08253483333333,1.04722306,144,0,0.4,337,19,1.38889,0.02196,0.705648,0.859368,17.5,-26.11,-8.33
08:39:39.0,46.2198581666667,6.08253483333333,1.04722306,144,0,0.4,337,19,1.38889,0.054168,0.795684,0.91134,13.16,-24.71,-12.81
08:39:39.0,46.2198581666667,6.08253483333333,1.04722306,144,0,0.4,337,19,1.38889,0.038064,0.831552,0.993324,22.47,-13.93,-13.51
08:39:39.0,46.2198581666667,6.08253483333333,1.04722306,144,0,0.4,337,19,1.38889,0.00366,0.835944,1.066524,29.54,-4.55,-11.62
08:39:39.0,46.2198581666667,6.08253483333333,1.04722306,144,0,0.4,337,19,1.38889,-0.026352,0.824964,1.059204,33.74,-1.05,-10.36
08:39:39.0,46.2198581666667,6.08253483333333,1.04722306,144,0,0.4,337,19,1.38889,-0.060024,0.772992,1.059936,33.46,2.73,-9.8
08:39:39.1,46.2198573333333,6.08253583333333,0.9583341,144,0,0.4,337,19,0.888889600000001,-0.10248,0.721752,1.070184,27.51,7.21,-10.43
08:39:39.1,46.2198573333333,6.08253583333333,0.9583341,144,0,0.4,337,19,0.888889600000001,-0.167628,0.740784,1.044564,21.91,13.58,-12.04
08:39:39.1,46.2198573333333,6.08253583333333,0.9583341,144,0,0.4,337,19,0.888889600000001,-0.238632,0.811788,1.03944,18.13,22.19,-15.68
08:39:39.1,46.2198573333333,6.08253583333333,0.9583341,144,0,0.4,337,19,0.888889600000001,-0.286944,0.869616,1.046028,16.94,27.02,-19.74
08:39:39.1,46.2198573333333,6.08253583333333,0.9583341,144,0,0.4,337,19,0.888889600000001,-0.282552,0.876936,1.040904,20.16,28.91,-23.73
08:39:39.1,46.2198573333333,6.08253583333333,0.9583341,144,0,0.4,337,19,0.888889600000001,-0.224724,0.842532,1.048224,22.96,31.85,-25.97
08:39:39.1,46.2198573333333,6.08253583333333,0.9583341,144,0,0.4,337,19,0.888889600000001,-0.163968,0.815448,1.038708,25.34,37.31,-26.74
08:39:39.1,46.2198573333333,6.08253583333333,0.9583341,144,0,0.4,337,19,0.888889600000001,-0.125904,0.8052,1.041636,27.72,46.97,-26.32
08:39:39.1,46.2198573333333,6.08253583333333,0.9583341,144,0,0.4,337,19,0.888889600000001,-0.11712,0.788364,1.074576,28.98,56.07,-25.76
08:39:39.1,46.2198573333333,6.08253583333333,0.9583341,144,0,0.4,337,19,0.888889600000001,-0.133224,0.762744,1.087752,31.43,61.95,-26.39
08:39:39.2,46.219857,6.0825365,0.68611166,144,0,0.4,337,19,2.7222244,-0.142008,0.72834,1.109712,34.58,65.52,-29.19
08:39:39.2,46.219857,6.0825365,0.68611166,144,0,0.4,337,19,2.7222244,-0.128832,0.683688,1.118496,34.3,66.57,-32.9
08:39:39.2,46.219857,6.0825365,0.68611166,144,0,0.4,337,19,2.7222244,-0.079788,0.660264,1.082628,34.44,62.37,-37.03
08:39:39.2,46.219857,6.0825365,0.68611166,144,0,0.4,337,19,2.7222244,-0.002928,0.66978,1.030656,30.31,46.41,-41.72
08:39:39.2,46.219857,6.0825365,0.68611166,144,0,0.4,337,19,2.7222244,0.09516,0.66978,0.992592,24.36,40.74,-46.2
08:39:39.2,46.219857,6.0825365,0.68611166,144,0,0.4,337,19,2.7222244,0.210816,0.641964,0.950868,21.7,26.88,-47.39
08:39:39.2,46.219857,6.0825365,0.68611166,144,0,0.4,337,19,2.7222244,0.239364,0.66246,0.872544,11.62,15.75,-42.49
08:39:39.2,46.219857,6.0825365,0.68611166,144,0,0.4,337,19,2.7222244,0.1464,0.758352,0.846192,3.85,21.77,-33.67
08:39:39.2,46.219857,6.0825365,0.68611166,144,0,0.4,337,19,2.7222244,0.0183,0.854976,0.892308,-0.84,29.96,-24.43
08:39:39.2,46.219857,6.0825365,0.68611166,144,0,0.4,337,19,2.7222244,-0.074664,0.928176,0.967704,-3.78,30.87,-15.26
08:39:39.3,46.2198568333333,6.082537,0.5138893,142,0,0.4,0,0,1.7222236,-0.054168,0.968436,1.05774,-2.17,26.04,-9.24
08:39:39.3,46.2198568333333,6.082537,0.5138893,142,0,0.4,0,0,1.7222236,0.101016,0.947208,1.130208,0.98,11.55,-9.94
08:39:39.3,46.2198568333333,6.082537,0.5138893,142,0,0.4,0,0,1.7222236,0.256932,0.8784,1.16388,1.75,-9.31,-10.78
08:39:39.3,46.2198568333333,6.082537,0.5138893,142,0,0.4,0,0,1.7222236,0.335256,0.806664,1.187304,0.77,-22.47,-10.01
08:39:39.3,46.2198568333333,6.082537,0.5138893,142,0,0.4,0,0,1.7222236,0.377712,0.73932,1.241472,1.05,-33.25,-5.53
08:39:39.3,46.2198568333333,6.082537,0.5138893,142,0,0.4,0,0,1.7222236,0.366,0.671976,1.30296,2.8,-46.2,3.57
08:39:39.3,46.2198568333333,6.082537,0.5138893,142,0,0.4,0,0,1.7222236,0.292068,0.65148,1.333704,3.64,-54.25,14.49
08:39:39.3,46.2198568333333,6.082537,0.5138893,142,0,0.4,0,0,1.7222236,0.203496,0.688812,1.333704,0.7,-55.51,23.94
08:39:39.3,46.2198568333333,6.082537,0.5138893,142,0,0.4,0,0,1.7222236,0.107604,0.725412,1.28466,-6.23,-53.9,26.67
08:39:39.3,46.2198568333333,6.082537,0.5138893,142,0,0.4,0,0,1.7222236,0.02928,0.751032,1.2444,-15.47,-48.3,25.76
08:39:39.4,46.2198566666667,6.08253716666667,0,142,0,0.4,337,19,5.138893,-0.005856,0.774456,1.24074,-21.63,-45.15,23.87
08:39:39.4,46.2198566666667,6.08253716666667,0,142,0,0.4,337,19,5.138893,-0.042456,0.778848,1.21146,-27.3,-38.43,20.86
08:39:39.4,46.2198566666667,6.08253716666667,0,142,0,0.4,337,19,5.138893,-0.097356,0.777384,1.218048,-34.02,-27.09,18.06
08:39:39.4,46.2198566666667,6.08253716666667,0,142,0,0.4,337,19,5.138893,-0.133956,0.770796,1.235616,-37.31,-21.63,14.56
08:39:39.4,46.2198566666667,6.08253716666667,0,142,0,0.4,337,19,5.138893,-0.121512,0.751032,1.235616,-40.11,-15.68,11.97
08:39:39.4,46.2198566666667,6.08253716666667,0,142,0,0.4,337,19,5.138893,-0.092964,0.741516,1.27002,-44.38,-11.13,10.08
08:39:39.4,46.2198566666667,6.08253716666667,0,142,0,0.4,337,19,5.138893,-0.09516,0.752496,1.283196,-48.86,-14.14,7.63
08:39:39.4,46.2198566666667,6.08253716666667,0,142,0,0.4,337,19,5.138893,-0.106872,0.772992,1.272216,-52.71,-20.79,3.78
08:39:39.4,46.2198566666667,6.08253716666667,0,142,0,0.4,337,19,5.138893,-0.095892,0.771528,1.241472,-56.63,-24.36,0
